<?xml version="1.0" encoding="ISO-8859-1"?>

<!--
  ~ Licensed to the Apache Software Foundation (ASF) under one
  ~ or more contributor license agreements. See the NOTICE file
  ~ distributed with this work for additional information
  ~ regarding copyright ownership. The ASF licenses this file
  ~ to you under the Apache License, Version 2.0 (the
  ~ "License"); you may not use this file except in compliance
  ~ with the License. You may obtain a copy of the License at
  ~
  ~ http://www.apache.org/licenses/LICENSE-2.0
  ~
  ~ Unless required by applicable law or agreed to in writing,
  ~ software distributed under the License is distributed on an
  ~ "AS IS" BASIS, WITHOUT WARRANTIES OR CONDITIONS OF ANY
  ~ KIND, either express or implied. See the License for the
  ~ specific language governing permissions and limitations
  ~ under the License.
  -->

<document>
    <properties>
        <title>:: Apache XmlSchema Releases ::</title>
    </properties>

    <head>
        <meta http-equiv="content-type" content="text/html; charset=iso-8859-1"/>
        <meta content="text/html; charset=iso-8859-1"/>
    </head>

    <body>

        <section>
            <h2>Releases</h2>
            <div align="left">
                <p>XmlSchema is becoming more and more stable and the latest official version available for download is
                    XmlSchema 1.4.2. All the releases are available for download as source or binary. For more information,
                    please see
                    <a href="http://www.apache.org/dev/release.html">Apache Release FAQ</a>
                </p>
                <p>Please select the XmlSchema version you want to download.</p>
            </div>
            <div align="center">

                <table class="bodyTable">
                    <tbody>
                        <tr class="a">
                            <td align="center" width="45">Name</td>
                            <td align="center" width="80">Type</td>
                            <td align="center" width="300">Distribution</td>
                            <td align="center" width="100">Date</td>
                            <td align="center" width="200">Description</td>
                        </tr>

    <tr class="b">
                                                      <td align="center" valign="middle">
                                                         1.4.2
                                                       </td>
                                                           <td align="center">Release</td>
                                                           <td>Source Distribution
                                                                <a href="[preferred]/ws/commons/XmlSchema/1_4_2/XmlSchema-1.4.2-src.zip"
                                                                                   title="[preferred]/ws/commons/XmlSchema/1_4_2/XmlSchema-1.4.2-src.zip">zip</a>

                                                                 <a href="http://www.apache.org/dist/ws/commons/XmlSchema/1_4_2/XmlSchema-1.4.2-src.zip.md5"
                                                                                   class="externalLink"
                                                                                   title="http://www.apache.org/dist/ws/commons/XmlSchema/1_4_2/XmlSchema-1.4.2-src.zip.md5">MD5</a>
                                                                 <a href="http://www.apache.org/dist/ws/commons/XmlSchema/1_4_2/XmlSchema-1.4.2-src.zip.asc"
                                                                                   class="externalLink"
                                                                                   title="http://www.apache.org/dist/ws/commons/XmlSchema/1_4_2/XmlSchema-1.4.2-src.zip.asc">PGP</a>
                                                                  <br/>
                                                                  Binary Distribution
                                                                  <a href="[preferred]/ws/commons/XmlSchema/1_4_2/XmlSchema-1.4.2-bin.zip"
                                                                                   title="[preferred]/ws/commons/XmlSchema/1_4_2/XmlSchema-1.4.2-bin.zip">zip</a>
                                                                 <a href="http://www.apache.org/dist/ws/commons/XmlSchema/1_4_2/XmlSchema-1.4.2-bin.zip.md5"
                                                                                   class="externalLink"
                                                                                   title="http://www.apache.org/dist/ws/commons/XmlSchema/1_4_2/XmlSchema-1.4.2-bin.zip.md5">MD5</a>
                                                                 <a href="http://www.apache.org/dist/ws/commons/XmlSchema/1_4_2/XmlSchema-1.4.2-bin.zip.asc"
                                                                                   class="externalLink"
                                                                                   title="http://www.apache.org/dist/ws/ws/commons/XmlSchema/1_4_2/XmlSchema-1.4.2-bin.zip.asc">
                                                                                    PGP</a>
                                                                  <br/>
                                                                  Documents Distribution
                                                                  <a href="[preferred]/ws/commons/XmlSchema/1_4_2/XmlSchema-1.4.2-docs.zip"
                                                                                   title="[preferred]/ws/commons/XmlSchema/1_4_2/XmlSchema-1.4.2-docs.zip">zip</a>
                                                                 <a href="http://www.apache.org/dist/ws/commons/XmlSchema/1_4_2/XmlSchema-1.4.2-docs.zip.md5"
                                                                                   class="externalLink"
                                                                                   title="http://www.apache.org/dist/ws/commons/XmlSchema/1_4_2/XmlSchema-1.4.2-docs.zip.md5">MD5</a>
                                                                 <a href="http://www.apache.org/dist/ws/commons/XmlSchema/1_4_2/XmlSchema-1.4.2-docs.zip.asc"
                                                                                   class="externalLink"
                                                                                   title="http://www.apache.org/dist/ws/ws/commons/XmlSchema/1_4_2/XmlSchema-1.4.2-docs.zip.asc">
                                                                                    PGP</a>
                                                                  <br/>
                                                                  </td>
                                                                  <td>04 - 21 - 2008</td>
                                                                  <td>1.4.2 Release (Mirrored)</td>
                                                                 </tr>
    <tr class="b">
                                                      <td align="center" valign="middle">
                                                         1.4.1
                                                       </td>
                                                           <td align="center">Release</td>
                                                           <td>Source Distribution
                                                                <a href="[preferred]/ws/commons/XmlSchema/1_4_1/XmlSchema-1.4.1-src.zip"
                                                                                   title="[preferred]/ws/commons/XmlSchema/1_4_1/XmlSchema-1.4.1-src.zip">zip</a>

                                                                 <a href="http://www.apache.org/dist/ws/commons/XmlSchema/1_4_1/XmlSchema-1.4.1-src.zip.md5"
                                                                                   class="externalLink"
                                                                                   title="http://www.apache.org/dist/ws/commons/XmlSchema/1_4_1/XmlSchema-1.4.1-src.zip.md5">MD5</a>
                                                                 <a href="http://www.apache.org/dist/ws/commons/XmlSchema/1_4_1/XmlSchema-1.4.1-src.zip.asc"
                                                                                   class="externalLink"
                                                                                   title="http://www.apache.org/dist/ws/commons/XmlSchema/1_4_1/XmlSchema-1.4.1-src.zip.asc">PGP</a>
                                                                  <br/>
                                                                  Binary Distribution
                                                                  <a href="[preferred]/ws/commons/XmlSchema/1_4_1/XmlSchema-1.4.1-bin.zip"
                                                                                   title="[preferred]/ws/commons/XmlSchema/1_4_1/XmlSchema-1.4.1-bin.zip">zip</a>
                                                                 <a href="http://www.apache.org/dist/ws/commons/XmlSchema/1_4_1/XmlSchema-1.4.1-bin.zip.md5"
                                                                                   class="externalLink"
                                                                                   title="http://www.apache.org/dist/ws/commons/XmlSchema/1_4_1/XmlSchema-1.4.1-bin.zip.md5">MD5</a>
                                                                 <a href="http://www.apache.org/dist/ws/commons/XmlSchema/1_4_1/XmlSchema-1.4.1-bin.zip.asc"
                                                                                   class="externalLink"
                                                                                   title="http://www.apache.org/dist/ws/ws/commons/XmlSchema/1_4_1/XmlSchema-1.4.1-bin.zip.asc">
                                                                                    PGP</a>
                                                                  <br/>
                                                                  Documents Distribution
                                                                  <a href="[preferred]/ws/commons/XmlSchema/1_4_1/XmlSchema-1.4.1-docs.zip"
                                                                                   title="[preferred]/ws/commons/XmlSchema/1_4_1/XmlSchema-1.4.1-docs.zip">zip</a>
                                                                 <a href="http://www.apache.org/dist/ws/commons/XmlSchema/1_4_1/XmlSchema-1.4.1-docs.zip.md5"
                                                                                   class="externalLink"
                                                                                   title="http://www.apache.org/dist/ws/commons/XmlSchema/1_4_1/XmlSchema-1.4.1-docs.zip.md5">MD5</a>
                                                                 <a href="http://www.apache.org/dist/ws/commons/XmlSchema/1_4_1/XmlSchema-1.4.1-docs.zip.asc"
                                                                                   class="externalLink"
                                                                                   title="http://www.apache.org/dist/ws/ws/commons/XmlSchema/1_4_1/XmlSchema-1.4.1-docs.zip.asc">
                                                                                    PGP</a>
                                                                  <br/>
                                                                  </td>
                                                                  <td>04 - 09 - 2008</td>
                                                                  <td>1.4.1 Release (Mirrored)</td>
                                                                 </tr>
    <tr class="b">
                                                      <td align="center" valign="middle">
                                                         1.3.2
                                                       </td>
                                                           <td align="center">Release</td>
                                                           <td>Source Distribution
                                                                <a href="[preferred]/ws/commons/XmlSchema/1_4/XmlSchema-1.4-src.zip"
                                                                                   title="[preferred]/ws/commons/XmlSchema/1_4/XmlSchema-1.4-src.zip">zip</a>

                                                                 <a href="http://www.apache.org/dist/ws/commons/XmlSchema/1_3_2/XmlSchema-1.4-src.zip.md5"
                                                                                   class="externalLink"
                                                                                   title="http://www.apache.org/dist/ws/commons/XmlSchema/1_4/XmlSchema-1.4-src.zip.md5">MD5</a>
                                                                 <a href="http://www.apache.org/dist/ws/commons/XmlSchema/1_4/XmlSchema-1.4-src.zip.asc"
                                                                                   class="externalLink"
                                                                                   title="http://www.apache.org/dist/ws/commons/XmlSchema/1_4/XmlSchema-1.4-src.zip.asc">PGP</a>
                                                                  <br/>
                                                                  Binary Distribution
                                                                  <a href="[preferred]/ws/commons/XmlSchema/1_4/XmlSchema-1.4-bin.zip"
                                                                                   title="[preferred]/ws/commons/XmlSchema/1_4/XmlSchema-1.4-bin.zip">zip</a>
                                                                 <a href="http://www.apache.org/dist/ws/commons/XmlSchema/1_4/XmlSchema-1.4-bin.zip.md5"
                                                                                   class="externalLink"
                                                                                   title="http://www.apache.org/dist/ws/commons/XmlSchema/1_4/XmlSchema-1.4-bin.zip.md5">MD5</a>
                                                                 <a href="http://www.apache.org/dist/ws/commons/XmlSchema/1_4/XmlSchema-1.4-bin.zip.asc"
                                                                                   class="externalLink"
                                                                                   title="http://www.apache.org/dist/ws/ws/commons/XmlSchema/1_4/XmlSchema-1.4-bin.zip.asc">
                                                                                    PGP</a>
                                                                  <br/>
                                                                  Documents Distribution
                                                                  <a href="[preferred]/ws/commons/XmlSchema/1_4/XmlSchema-1.4-docs.zip"
                                                                                   title="[preferred]/ws/commons/XmlSchema/1_4/XmlSchema-1.4-docs.zip">zip</a>
                                                                 <a href="http://www.apache.org/dist/ws/commons/XmlSchema/1_4/XmlSchema-1.4-docs.zip.md5"
                                                                                   class="externalLink"
                                                                                   title="http://www.apache.org/dist/ws/commons/XmlSchema/1_4/XmlSchema-1.4-docs.zip.md5">MD5</a>
                                                                 <a href="http://www.apache.org/dist/ws/commons/XmlSchema/1_4/XmlSchema-1.4-docs.zip.asc"
                                                                                   class="externalLink"
                                                                                   title="http://www.apache.org/dist/ws/ws/commons/XmlSchema/1_4/XmlSchema-1.4-docs.zip.asc">
                                                                                    PGP</a>
                                                                  <br/>
                                                                  </td>
                                                                  <td>24 - 07 - 2007</td>
                                                                  <td>1.3.2 Release (Mirrored)</td>
                                                                </tr>
                        <tr class="b">
                                                      <td align="center" valign="middle">
                                                         1.3.2
                                                       </td>
                                                           <td align="center">Release</td>
                                                           <td>Source Distribution
                                                                <a href="[preferred]/ws/commons/XmlSchema/1_3_2/XmlSchema-1.3.2-src.zip"
                                                                                   title="[preferred]/ws/commons/XmlSchema/1_3_2/XmlSchema-1.3.2-src.zip">zip</a>

                                                                 <a href="http://www.apache.org/dist/ws/commons/XmlSchema/1_3_2/XmlSchema-1.3.2-src.zip.md5"
                                                                                   class="externalLink"
                                                                                   title="http://www.apache.org/dist/ws/commons/XmlSchema/1_3_2/XmlSchema-1.3.2-src.zip.md5">MD5</a>
                                                                 <a href="http://www.apache.org/dist/ws/commons/XmlSchema/1_3_1/XmlSchema-1.3.2-src.zip.asc"
                                                                                   class="externalLink"
                                                                                   title="http://www.apache.org/dist/ws/commons/XmlSchema/1_3_2/XmlSchema-1.3.2-src.zip.asc">PGP</a>
                                                                  <br/>
                                                                  Binary Distribution
                                                                  <a href="[preferred]/ws/commons/XmlSchema/1_3_2/XmlSchema-1.3.2-bin.zip"
                                                                                   title="[preferred]/ws/commons/XmlSchema/1_3_2/XmlSchema-1.3.2-bin.zip">zip</a>
                                                                 <a href="http://www.apache.org/dist/ws/commons/XmlSchema/1_3_2/XmlSchema-1.3.2-bin.zip.md5"
                                                                                   class="externalLink"
                                                                                   title="http://www.apache.org/dist/ws/commons/XmlSchema/1_3_2/XmlSchema-1.3.2-bin.zip.md5">MD5</a>
                                                                 <a href="http://www.apache.org/dist/ws/commons/XmlSchema/1_3_2/XmlSchema-1.3.2-bin.zip.asc"
                                                                                   class="externalLink"
                                                                                   title="http://www.apache.org/dist/ws/ws/commons/XmlSchema/1_3_2/XmlSchema-1.3.2-bin.zip.asc">
                                                                                    PGP</a>
                                                                  <br/>
                                                                  Documents Distribution
                                                                  <a href="[preferred]/ws/commons/XmlSchema/1_3_2/XmlSchema-1.3.2-docs.zip"
                                                                                   title="[preferred]/ws/commons/XmlSchema/1_3_2/XmlSchema-1.3.2-docs.zip">zip</a>
                                                                 <a href="http://www.apache.org/dist/ws/commons/XmlSchema/1_3_2/XmlSchema-1.3.2-docs.zip.md5"
                                                                                   class="externalLink"
                                                                                   title="http://www.apache.org/dist/ws/commons/XmlSchema/1_3_2/XmlSchema-1.3.2-docs.zip.md5">MD5</a>
                                                                 <a href="http://www.apache.org/dist/ws/commons/XmlSchema/1_3_1/XmlSchema-1.3.2-docs.zip.asc"
                                                                                   class="externalLink"
                                                                                   title="http://www.apache.org/dist/ws/ws/commons/XmlSchema/1_3_2/XmlSchema-1.3.2-docs.zip.asc">
                                                                                    PGP</a>
                                                                  <br/>
                                                                  </td>
                                                                  <td>24 - 07 - 2007</td>
                                                                  <td>1.3.2 Release (Mirrored)</td>
                                                                </tr>


                         <tr class="b">
                              <td align="center" valign="middle">
                                 1.3.1
                               </td>
                                   <td align="center">Release</td>
                                   <td>Source Distribution
                                        <a href="[preferred]/ws/commons/XmlSchema/1_3_1/XmlSchema-1.3.1-src.zip"
                                                           title="[preferred]/ws/commons/XmlSchema/1_3_1/XmlSchema-1.3.1-src.zip">zip</a>

                                         <a href="http://www.apache.org/dist/ws/commons/XmlSchema/1_3_1/XmlSchema-1.3.1-src.zip.md5"
                                                           class="externalLink"
                                                           title="http://www.apache.org/dist/ws/commons/XmlSchema/1_3_1/XmlSchema-1.3.1-src.zip.md5">MD5</a>
                                         <a href="http://www.apache.org/dist/ws/commons/XmlSchema/1_3_1/XmlSchema-1.3.1-src.zip.asc"
                                                           class="externalLink"
                                                           title="http://www.apache.org/dist/ws/commons/XmlSchema/1_3_1/XmlSchema-1.3.1-src.zip.asc">PGP</a>
                                          <br/>
                                          Binary Distribution
                                          <a href="[preferred]/ws/commons/XmlSchema/1_3_1/XmlSchema-1.3.1-bin.zip"
                                                           title="[preferred]/ws/commons/XmlSchema/1_3_1/XmlSchema-1.3.1-bin.zip">zip</a>
                                         <a href="http://www.apache.org/dist/ws/commons/XmlSchema/1_3_1/XmlSchema-1.3.1-bin.zip.md5"
                                                           class="externalLink"
                                                           title="http://www.apache.org/dist/ws/commons/XmlSchema/1_3_1/XmlSchema-1.3.1-bin.zip.md5">MD5</a>
                                         <a href="http://www.apache.org/dist/ws/commons/XmlSchema/1_3_1/XmlSchema-1.3.1-bin.zip.asc"
                                                           class="externalLink"
                                                           title="http://www.apache.org/dist/ws/ws/commons/XmlSchema/1_3_1/XmlSchema-1.3.1-bin.zip.asc">
                                                            PGP</a>
                                          <br/>
                                          Documents Distribution
                                          <a href="[preferred]/ws/commons/XmlSchema/1_3_1/XmlSchema-1.3.1-docs.zip"
                                                           title="[preferred]/ws/commons/XmlSchema/1_3_1/XmlSchema-1.3.1-docs.zip">zip</a>
                                         <a href="http://www.apache.org/dist/ws/commons/XmlSchema/1_3_1/XmlSchema-1.3.1-docs.zip.md5"
                                                           class="externalLink"
                                                           title="http://www.apache.org/dist/ws/commons/XmlSchema/1_3_1/XmlSchema-1.3.1-docs.zip.md5">MD5</a>
                                         <a href="http://www.apache.org/dist/ws/commons/XmlSchema/1_3_1/XmlSchema-1.3.1-docs.zip.asc"
                                                           class="externalLink"
                                                           title="http://www.apache.org/dist/ws/ws/commons/XmlSchema/1_3_1/XmlSchema-1.3.1-docs.zip.asc">
                                                            PGP</a>
                                          <br/>
                                          </td>
                                          <td>12 - 04 - 2007</td>
                                          <td>1.3.1 Release (Mirrored)</td>
                                        </tr>

                        <tr class="b">
                              <td align="center" valign="middle">
                                 1.2
                               </td>
                                   <td align="center">Release</td>
                                   <td>Source Distribution
                                        <a href="[preferred]/ws/commons/XmlSchema/1_2/XmlSchema-1.2-src.zip"
                                                           title="[preferred]/ws/commons/XmlSchema/1_2/XmlSchema-1.2-src.zip">zip</a>

                                         <a href="http://www.apache.org/dist/ws/commons/XmlSchema/1_2/XmlSchema-1.2-src.zip.md5"
                                                           class="externalLink"
                                                           title="http://www.apache.org/dist/ws/commons/XmlSchema/1_2/XmlSchema-1.2-src.zip.md5">MD5</a>
                                         <a href="http://www.apache.org/dist/ws/commons/XmlSchema/1_2/XmlSchema-1.2-src.zip.asc"
                                                           class="externalLink"
                                                           title="http://www.apache.org/dist/ws/commons/XmlSchema/1_2/XmlSchema-1.2-src.zip.asc">PGP</a>
                                          <br/>
                                          Binary Distribution
                                          <a href="[preferred]/ws/commons/XmlSchema/1_2/XmlSchema-1.2-bin.zip"
                                                           title="[preferred]/ws/commons/XmlSchema/1_2/XmlSchema-1.2-bin.zip">zip</a>
                                         <a href="http://www.apache.org/dist/ws/commons/XmlSchema/1_2/XmlSchema-1.2-bin.zip.md5"
                                                           class="externalLink"
                                                           title="http://www.apache.org/dist/ws/commons/XmlSchema/1_2/XmlSchema-1.2-bin.zip.md5">MD5</a>
                                         <a href="http://www.apache.org/dist/ws/commons/XmlSchema/1_2/XmlSchema-1.2-bin.zip.asc"
                                                           class="externalLink"
                                                           title="http://www.apache.org/dist/ws/ws/commons/XmlSchema/1_2/XmlSchema-1.2-bin.zip.asc">
                                                            PGP</a>

                                          <br/>
                                          </td>
                                          <td>13 - 11 - 2006</td>
                                          <td>1.2 Release (Mirrored)</td>
                                        </tr>
                        <tr class="b">
                            <td align="center" valign="middle">
                                1.1
                            </td>
                            <td align="center">Release</td>
                            <td>Source Distribution
                                <a href="[preferred]/ws/commons/XmlSchema/1_1/XmlSchema-1.1-src.zip"
                                   title="[preferred]/ws/commons/XmlSchema/1_1/XmlSchema-1.1-src.zip">zip</a>

                                <a href="http://www.apache.org/dist/ws/commons/XmlSchema/1_1/XmlSchema-1.1-src.zip.md5"
                                   class="externalLink"
                                   title="http://www.apache.org/dist/ws/commons/XmlSchema/1_1/XmlSchema-1.1-src.zip.md5">MD5</a>
                                <a href="http://www.apache.org/dist/ws/commons/XmlSchema/1_1/XmlSchema-1.1-src.zip.asc"
                                   class="externalLink"
                                   title="http://www.apache.org/dist/ws/commons/XmlSchema/1_1/XmlSchema-1.1-src.zip.asc">PGP</a>
                                <br/>
                                Binary Distribution
                                <a href="[preferred]/ws/commons/XmlSchema/1_1/XmlSchema-1.1-bin.zip"
                                   title="[preferred]/ws/commons/XmlSchema/1_1/XmlSchema-1.1-bin.zip">zip</a>
                                <a href="http://www.apache.org/dist/ws/commons/XmlSchema/1_1/XmlSchema-1.1-bin.zip.md5"
                                   class="externalLink"
                                   title="http://www.apache.org/dist/ws/commons/XmlSchema/1_1/XmlSchema-1.1-bin.zip.md5">MD5</a>
                                <a href="http://www.apache.org/dist/ws/commons/XmlSchema/1_1/XmlSchema-1.1-bin.zip.asc"
                                   class="externalLink"
                                   title="http://www.apache.org/dist/ws/ws/commons/XmlSchema/1_1/XmlSchema-1.1-bin.zip.asc">
                                    PGP</a>

                                <br/>
                            </td>
                            <td>18 - 09 - 2006</td>
                            <td>1.1 Release (Mirrored)</td>
                        </tr>

                        <tr class="b">
                            <td align="center" valign="middle">
                                1.0.3
                            </td>
                            <td align="center">Release</td>
                            <td>Source Distribution
                                <a href="[preferred]/ws/commons/XmlSchema/1_0_3/XmlSchema-1.0.3-src.zip"
                                   title="[preferred]/ws/commons/XmlSchema/1_0_3/XmlSchema-1.0.3-src.zip">zip</a>

                                <a href="http://www.apache.org/dist/ws/commons/XmlSchema/1_0_3/XmlSchema-1.0.3-src.zip.md5"
                                   class="externalLink"
                                   title="http://www.apache.org/dist/ws/commons/XmlSchema/1_0_3/XmlSchema-1.0.3-src.zip.md5">MD5</a>
                                <a href="http://www.apache.org/dist/ws/commons/XmlSchema/1_0_3/XmlSchema-1.0.3-src.zip.asc"
                                   class="externalLink"
                                   title="http://www.apache.org/dist/ws/commons/XmlSchema/1_0_3/XmlSchema-1.0.3-src.zip.asc">PGP</a>
                                <br/>
                                Binary Distribution
                                <a href="[preferred]/ws/commons/XmlSchema/1_0_3/XmlSchema-1.0.3-bin.zip"
                                   title="[preferred]/ws/commons/XmlSchema/1_0_3/XmlSchema-1.0.3-bin.zip">zip</a>
                                <a href="http://www.apache.org/dist/ws/commons/XmlSchema/1_0_3/XmlSchema-1.0.3-bin.zip.md5"
                                   class="externalLink"
                                   title="http://www.apache.org/dist/ws/commons/XmlSchema/1_0_3/XmlSchema-1.0.3-bin.zip.md5">MD5</a>
                                <a href="http://www.apache.org/dist/ws/commons/XmlSchema/1_0_3/XmlSchema-1.0.3-bin.zip.asc"
                                   class="externalLink"
                                   title="http://www.apache.org/dist/ws/ws/commons/XmlSchema/1_0_3/XmlSchema-1.0.3-bin.zip.asc">
                                    PGP</a>

                                <br/>
                            </td>
                            <td>13- 05 - 2006</td>
                            <td>1.0.3 Release (Archived)
                            </td>
                        </tr>


                        <tr class="b">
                            <td align="center" valign="middle">
                                1.0.2
                            </td>
                            <td align="center">Release</td>
                            <td>Source Distribution
                                <a href="http://archive.apache.org/dist/ws/commons/XmlSchema/1_0_2/XmlSchema-1.0.2-src.zip"
                                   title="http://archive.apache.org/dist/ws/commons/XmlSchema/1_0_2/XmlSchema-1.0.2-src.zip">zip</a>

                                <a href="http://archive.apache.org/dist/ws/commons/XmlSchema/1_0_2/XmlSchema-1.0.2-src.zip.md5"
                                   class="externalLink"
                                   title="http://archive.apache.org/dist/ws/commons/XmlSchema/1_0_2/XmlSchema-1.0.2-src.zip.md5">
                                    MD5</a>
                                <a href="http://www.apache.org/dist/ws/commons/XmlSchema/1_0_2/XmlSchema-1.0.2-src.zip.asc"
                                   class="externalLink"
                                   title="http://archive.apache.org/dist/ws/commons/XmlSchema/1_0_2/XmlSchema-1.0.2-src.zip.asc">
                                    PGP</a>
                                <br/>
                                Binary Distribution
                                <a href="http://archive.apache.org/dist/ws/commons/XmlSchema/1_0_2/XmlSchema-1.0.2-bin.zip"
                                   title="http://archive.apache.org/dist/ws/commons/XmlSchema/1_0_2/XmlSchema-0.95-bin.zip">
                                    zip</a>
                                <a href="http://archive.apache.org/dist/ws/commons/XmlSchema/1_0_2/XmlSchema-1.0.2-bin.zip.md5"
                                   class="externalLink"
                                   title="http://archive.apache.org/dist/ws/commons/XmlSchema/1_0_2/XmlSchema-1.0.2-bin.zip.md5">
                                    MD5</a>
                                <a href="http://archive.apache.org/dist/ws/commons/XmlSchema/1_0_2/XmlSchema-1.0.2-bin.zip.asc"
                                   class="externalLink"
                                   title="http://archive.apache.org/dist/ws/ws/commons/XmlSchema/1_0_2/XmlSchema-1.0.2-bin.zip.asc">
                                    PGP</a>

                                <br/>
                            </td>
                            <td>30 - 04 - 2006</td>
                            <td>1.0.2 Release (Archived)</td>
                        </tr>


                        <tr class="b">
                            <td align="center" valign="middle">
                                1.0.1
                            </td>
                            <td align="center">Release</td>
                            <td>Source Distribution
                                <a href="http://archive.apache.org/dist/ws/XmlSchema/XmlSchema/1_0_1/XmlSchema-1.0.1-src.zip"
                                   title="http://archive.apache.org/dist/ws/commons/XmlSchema/1_0_1/XmlSchema-1.0.1-src.zip">
                                    zip</a>

                                <a href="http://archive.apache.org/dist/ws/commons/XmlSchema/1_0_1/XmlSchema-1.0.1-src.zip.md5"
                                   class="externalLink"
                                   title="http://archive.apache.org/dist/ws/commons/XmlSchema/1_0_1/XmlSchema-1.0.1-src.zip.md5">
                                    MD5</a>
                                <a href="http://archive.apache.org/dist/ws/commons/XmlSchema/1_0_1/XmlSchema-1.0.1-src.zip.asc"
                                   class="externalLink"
                                   title="http://archive.apache.org/dist/ws/commons/XmlSchema/1_0_1/XmlSchema-1.0.1-src.zip.asc">
                                    PGP</a>
                                <br/>
                                Binary Distribution
                                <a href="[preferred]/ws/commons/XmlSchema/1_0_1/XmlSchema-1.0.1-bin.zip"
                                   title="[preferred]/ws/commons/XmlSchema/1_0_1/XmlSchema-1.0.1-bin.zip">zip</a>
                                <a href="http://archive.apache.org/dist/ws/commons/XmlSchema/1_0_1/XmlSchema-1.0.1-bin.zip.md5"
                                   class="externalLink"
                                   title="http://archive.apache.org/dist/ws/commons/XmlSchema/1_0_1/XmlSchema-1.0.1-bin.zip.md5">
                                    MD5</a>
                                <a href="http://archive.apache.org/dist/ws/commons/XmlSchema/1_0_1/XmlSchema-1.0.1-bin.zip.asc"
                                   class="externalLink"
                                   title="http://archive.apache.org/dist/ws/ws/commons/XmlSchema/1_0_1/XmlSchema-1.0.1-bin.zip.asc">
                                    PGP</a>

                                <br/>
                            </td>
                            <td>13 - 04 - 2006</td>
                            <td>1.0.1 Release (Archived)</td>
                        </tr>

                    </tbody>
                </table>
            </div>
            <div align="left">
                <p>[if-any logo]
                    <a href="[link]">
                        <img align="right" src="[logo]"
                             border="0"/>
                    </a>
                    [end] The currently selected mirror is
                    <b>[preferred]</b>
                    . If
                    you encounter a problem with this mirror, please select another mirror. If
                    all mirrors are failing, there are
                    <i>backup</i>
                    mirrors (at the end of the
                    mirrors list) that should be available.
                </p>

                <form action="[location]" method="get" id="SelectMirror">
                    Other mirrors:
                    <select name="Preferred">[if-any http][for http]
                        <option value="[http]"
                                selected="selected">[http]</option>
                        [end][end][if-any ftp][for ftp]
                        <option value="[ftp]">[ftp]</option>
                        [end][end][if-any backup][for backup]
                        <option value="[backup]">[backup] (backup)</option>
                        [end][end]
                    </select>

                    <input type="submit" value="Change"/>
                </form>

                <p>You may also consult the
                    <a href="http://www.apache.org/mirrors/">complete
                        list of mirrors</a>
                    .
                </p>

                <p>
                    <strong>Note:</strong>
                    when downloading from a mirror please check the
                    <a
                            href="http://www.apache.org/dev/release-signing#md5">md5sum</a>
                    and verify
                    the
                    <a href="http://www.apache.org/dev/release-signing#openpgp">OpenPGP</a>
                    compatible signature from the main Apache site. These can be downloaded by
                    following the links above. This
                    <a
                            href="http://www.apache.org/dist/ws/commons/XmlSchema/KEYS">KEYS</a>
                    file contains the
                    public keys used for signing release. It is recommended that (when possible)
                    a
                    <a href="http://www.apache.org/dev/release-signing#web-of-trust">web of
                        trust</a>
                    is used to confirm the identity of these keys.
                </p>
            </div>

        </section>
    </body>
</document>
