<?xml version="1.0" encoding="ISO-8859-1"?>

<!--
  ~ Licensed to the Apache Software Foundation (ASF) under one
  ~ or more contributor license agreements. See the NOTICE file
  ~ distributed with this work for additional information
  ~ regarding copyright ownership. The ASF licenses this file
  ~ to you under the Apache License, Version 2.0 (the
  ~ "License"); you may not use this file except in compliance
  ~ with the License. You may obtain a copy of the License at
  ~
  ~ http://www.apache.org/licenses/LICENSE-2.0
  ~
  ~ Unless required by applicable law or agreed to in writing,
  ~ software distributed under the License is distributed on an
  ~ "AS IS" BASIS, WITHOUT WARRANTIES OR CONDITIONS OF ANY
  ~ KIND, either express or implied. See the License for the
  ~ specific language governing permissions and limitations
  ~ under the License.
  -->

<document>
    <properties>
        <title>:: Apache XmlSchema JXR Reports ::</title>
    </properties>

    <head>
        <meta http-equiv="content-type" content="text/html; charset=iso-8859-1"/>
        <meta content="text/html; charset=iso-8859-1"/>
    </head>

    <body>
        <section name="JXR Reports">
            <p>JXR reports show how the source is cross referenced</p>
           <ul>
              <li><a href="xref/index.html">Main source JXR Report</a></li>
              <li><a href="xref-test/index.html">Test source JXR Report</a></li>

           </ul>
        </section>
    </body>
</document>
