6;349,70;24930
10;380,80;38246
12;166,80;12117
14;198,50;34150
24;162,30;16803
34;1044,00;28516
36;311,20;21593
39;405,80;11021
42;367,40;21835
48;468,10;21848
52;346,70;30200
55;508,20;37736
57;425,20;29075
70;318,60;23045
71;387,40;32682
74;367,40;27589
76;575,90;21025
79;28,40;32409
80;509,90;19718
84;103,60;18821
87;466,30;17166
88;253,40;23911
93;763,90;17134
98;115,20;15705
104;780,70;14414
116;357,90;22579
121;152,10;37524
126;185,90;32445
136;301,20;39203
140;257,20;27002
141;465,20;16461
144;156,90;33289
152;524,60;30867
163;158,90;17921
167;177,40;30487
169;274,40;17325
181;544,00;11024
186;113,10;38831
189;194,10;29058
192;223,30;31372
200;421,60;18652
201;353,30;19522
210;128,80;37653
211;678,10;29416
217;2120,00;25512
222;677,70;18524
233;122,10;34219
240;299,00;22029
242;322,60;31660
244;64,20;15361
248;172,40;36136
249;130,30;14208
251;260,00;15677
254;338,00;18570
258;94,40;19913
259;288,50;25061
263;205,30;29359
265;669,70;10429
272;1118,00;30769
273;189,90;17793
274;64,10;21500
275;278,40;14305
280;280,90;14312
290;721,50;33421
297;84,00;10509
298;957,30;15594
300;544,70;27500
305;192,00;26655
306;783,40;10510
310;878,40;22158
312;595,20;31058
314;126,40;27391
320;256,60;30625
321;927,40;25220
322;871,00;10547
333;493,20;36237
335;385,90;32130
336;347,30;26643
338;113,80;18286
340;665,80;37523
341;825,20;13177
344;529,50;13532
346;410,90;13286
354;272,30;18235
355;810,40;15752
365;174,60;16100
369;369,20;21406
370;232,80;16302
378;567,60;14566
381;544,90;39734
387;122,80;12911
388;93,20;26665
389;243,60;22581
396;245,10;37191
398;862,20;19617
400;704,70;28594
420;62,80;12824
430;311,20;11876
432;476,00;38822
435;134,60;22656
439;702,20;21217
442;149,30;28135
445;345,80;36185
449;35,60;10807
450;285,80;30078
462;962,20;39477
463;220,00;14779
464;169,80;18011
465;427,80;26994
472;1216,30;30708
474;231,40;12464
480;202,60;28841
484;1215,80;18762
486;73,60;24876
490;126,00;24801
491;757,20;27510
494;175,70;35063
497;553,60;30980
498;311,90;15674
504;291,90;14747
510;476,00;21579
511;369,60;23372
518;283,20;12815
520;49,20;39968
531;250,20;17228
533;243,90;28810
534;822,50;30421
537;121,70;32173
552;79,20;35208
554;732,70;22070
564;932,90;26047
567;130,40;38030
569;141,40;12535
573;38,00;36085
576;339,40;23967
587;544,10;20534
588;31,50;27770
593;301,50;37513
597;1196,10;12180
599;141,20;36738
600;185,10;11605
605;294,20;33715
612;33,40;15263
614;392,00;37946
619;181,20;20030
622;837,60;22040
625;164,30;10248
626;46,30;20830
632;968,50;24721
633;108,80;37377
634;96,20;27715
647;37,40;12904
650;105,70;20374
651;590,60;28909
653;87,30;15283
654;88,40;20791
662;476,70;33663
663;925,60;32001
670;579,40;15703
671;499,60;24715
679;196,60;23500
680;641,30;36162
683;655,80;26716
694;539,40;27666
697;106,00;37296
719;848,00;15018
721;373,50;34873
727;567,90;32671
728;133,20;12895
732;437,20;29239
739;559,00;10524
740;314,90;16605
741;300,30;10902
749;501,70;28348
750;555,60;26136
752;336,20;13985
753;985,40;27040
754;1111,00;12352
760;1283,10;15132
767;365,40;19177
770;259,50;19274
774;469,40;29147
776;229,50;23461
780;1046,90;30469
781;34,80;19366
782;119,40;38600
789;864,30;21055
791;135,00;34420
792;308,10;33542
808;460,20;19292
814;104,70;35388
815;711,60;13959
817;63,40;21975
819;225,80;18826
821;203,60;34301
826;347,80;18642
827;291,90;21764
831;102,50;13633
835;126,40;20304
838;430,80;20506
846;470,40;13092
850;1349,00;29253
855;231,20;33519
856;318,80;13986
863;297,10;13262
865;746,50;26978
866;1130,10;15469
867;177,40;23293
868;145,80;28283
869;200,30;37835
872;400,80;10896
875;1039,00;25725
876;482,00;16709
881;115,00;19831
888;202,70;29787
891;174,20;24321
892;483,00;35410
911;1041,80;39383
919;248,60;16808
921;180,70;38320
924;465,00;31961
926;163,60;12898
930;417,30;30327
937;351,30;34839
941;197,60;23344
944;656,10;29428
951;336,00;28214
955;619,30;20225
957;484,90;35645
967;390,50;10319
969;364,90;22602
976;420,20;14519
979;182,90;34430
980;223,80;26838
989;174,80;30809
994;138,60;37444
995;233,60;30499
997;1494,50;31661
1002;142,80;14588
1003;95,80;39395
1004;492,70;20691
1005;160,30;25192
1007;381,00;14920
1013;326,40;25831
1014;729,50;38449
1017;270,00;12660
1022;190,80;14501
1024;544,40;38533
1026;426,80;33794
1032;482,20;22889
1035;193,60;35156
1045;332,60;32148
1050;1037,50;37453
1056;332,00;24721
1058;305,10;32318
1059;289,90;29465
1061;275,30;28758
1062;92,40;12015
1067;281,20;33804
1070;1064,10;23867
1071;800,50;22082
1073;384,40;33148
1080;323,90;25047
1087;189,00;12369
1089;409,70;31419
1093;286,00;15968
1097;530,10;27979
1101;232,80;17728
1104;208,60;37863
1109;412,00;34144
1117;483,80;25758
1119;1372,20;32999
1124;887,60;39633
1125;551,20;25819
1131;102,80;30523
1135;426,80;17042
1136;527,00;39353
1138;260,50;30552
1142;381,10;36355
1143;628,70;24361
1145;710,10;18248
1149;333,30;15432
1153;206,20;34653
1159;590,00;27746
1163;93,00;21986
1172;231,40;26348
1178;531,10;14091
1180;97,00;27146
1183;762,10;17805
1185;698,60;35327
1188;13,10,2006;32357
1192;763,70;33206
1193;95,20;37654
1195;248,20;39880
1196;145,80;11853
1197;852,40;38911
1201;145,60;27004
1202;583,30;25301
1210;54,60;36550
1217;302,40;17774
1219;500,10;34043
1222;1080,70;15859
1244;366,00;22178
1245;159,30;32005
1250;283,00;38916
1251;406,60;35798
1253;209,80;16959
1256;457,90;39092
1259;1899,90;27721
1260;1499,10;26111
1261;408,00;35029
1262;150,80;20249
1265;202,00;30937
1266;1309,00;18016
1268;707,80;19787
1277;153,40;19146
1281;1572,10;10970
1282;424,80;39058
1284;1166,20;39317
1285;780,50;24372
1287;830,40;38509
1289;145,00;22788
1292;317,80;21099
1298;322,70;34072
1303;345,20;12377
1304;96,80;37964
1305;409,10;28176
1310;260,10;26181
1312;625,90;22572
1316;19,20;28185
1319;314,90;23979
1325;798,50;22707
1326;346,60;11167
1327;483,50;37930
1328;548,70;37987
1330;752,80;31497
1334;279,60;10780
1343;464,80;25895
1344;207,20;39422
1347;174,00;23902
1348;344,70;35289
1349;556,10;31630
1352;590,30;11148
1353;290,50;31832
1360;415,90;32465
1366;437,30;36334
1371;1981,80;10986
1375;403,40;12566
1376;1117,90;23250
1385;489,60;13814
1386;467,60;22602
1389;372,90;14823
1390;294,60;27332
1396;481,70;22512
1402;437,60;13190
1406;1012,30;24479
1407;464,20;19708
1413;92,90;24537
1415;661,40;30107
1416;133,20;23405
1419;999,70;27944
1420;764,20;32655
1424;352,50;33664
1425;401,20;29841
1440;105,60;14799
1442;262,80;31160
1444;1025,60;18260
1447;462,60;23748
1448;108,00;15912
1452;139,80;31571
1456;311,50;29041
1466;276,10;35582
1470;314,70;27229
1479;68,70;39090
1484;336,90;26273
1485;585,10;31927
1487;311,00;21869
1490;187,70;20761
1491;833,00;14614
1495;174,00;26413
1497;501,60;11108
1508;60,50;11268
1511;212,50;29492
1523;72,80;19365
1526;618,00;19174
1528;330,20;27298
1529;518,00;37731
1533;67,60;14629
1539;137,50;36537
1542;193,70;16423
1543;166,50;34674
1545;678,80;16998
1546;399,00;31378
1547;293,20;21432
1548;76,50;34937
1550;1776,50;18673
1551;169,00;23939
1552;159,80;36049
1553;232,80;29011
1556;353,70;28218
1559;13,40;33427
1560;605,30;32966
1563;313,10;22885
1566;201,90;30427
1567;472,50;22154
1569;41,70;30156
1571;815,60;22899
1575;401,40;20543
1578;940,40;36631
1581;509,30;16365
1582;146,90;22976
1587;138,00;31277
1588;72,60;10265
1590;148,00;21762
1593;371,90;36466
1598;776,30;26052
1599;306,40;27375
1601;275,60;34635
1610;550,90;19756
1612;709,60;26915
1614;582,40;33194
1615;315,80;20133
1622;150,60;29843
1624;134,10;20560
1628;492,30;29571
1633;997,00;11927
1634;174,40;13070
1635;118,00;10890
1636;1155,80;11027
1641;1925,70;22777
1648;376,40;17188
1649;540,20;31557
1663;257,30;20880
1667;174,40;14912
1669;562,90;13959
1672;99,60;36921
1676;212,00;32110
1682;99,00;36184
1683;671,70;34462
1690;640,60;24875
1691;511,60;32665
1692;43,40;12900
1693;2415,30;14308
1703;274,10;39942
1712;557,40;19878
1717;397,20;25319
1718;213,00;20945
1720;997,60;20126
1722;306,90;13706
1730;114,00;16698
1735;125,20;20240
1741;237,60;35912
1742;1069,00;33447
1743;143,40;31866
1745;512,70;34519
1746;228,70;14881
1751;516,20;27659
1753;280,40;26236
1769;82,90;29272
1770;1768,90;10368
1773;286,40;31940
1777;356,60;11216
1785;338,70;20684
1787;2424,70;17599
1788;204,60;34267
1794;177,20;26932
1800;789,50;11207
1801;237,20;35737
1805;811,70;32585
1812;80,20;18217
1813;639,10;35336
1815;545,10;39304
1820;446,00;34324
1823;1721,90;34806
1826;477,70;12789
1829;311,30;17374
1832;787,30;32544
1836;418,50;21655
1844;183,00;21287
1845;767,10;14016
1847;399,50;38382
1850;926,60;10349
1853;1516,90;26096
1863;311,50;28386
1865;97,40;24499
1866;468,30;37507
1869;76,80;38543
1871;1266,40;37937
1873;357,50;39212
1878;496,60;31145
1881;75,50;10686
1882;994,40;33170
1900;674,50;15990
1909;858,60;10925
1910;235,80;18321
1911;119,10;27367
1913;70,80;18019
1916;93,20;33229
1917;146,30;39509
1925;315,20;19732
1929;191,10;22501
1930;626,10;16984
1935;157,80;30829
1937;473,70;25399
1939;698,10;14399
1942;878,10;21210
1943;63,60;28535
1946;216,20;30731
1947;614,80;34293
1948;1104,60;30173
1951;450,90;16786
1958;439,30;17340
1963;953,90;20050
1965;264,70;27140
1967;237,00;10171
1970;132,40;33289
1972;1008,50;16993
1975;290,20;12631
1976;707,70;32693
1977;165,60;34889
1978;355,10;26240
1979;249,80;28125
1980;100,60;20400
1983;573,40;17543
1999;437,90;35931
2001;211,00;21148
2004;997,10;19864
2005;66,90;39072
2011;304,80;15003
2015;463,90;32697
2018;182,60;19680
2019;286,60;23954
2021;267,70;24219
2023;1667,60;32905
2030;312,50;27190
2034;529,30;31921
2036;556,90;14117
2039;261,20;35930
2040;297,70;27596
2047;335,50;39355
2051;786,80;34597
2054;297,10;29960
2060;186,00;17672
2061;481,80;36900
2063;1737,50;35803
2065;335,40;23306
2067;919,90;21254
2075;469,00;31761
2077;852,60;15009
2079;165,30;12498
2081;374,70;38687
2082;237,30;38090
2086;629,20;19189
2088;294,10;23336
2093;469,90;17431
2094;438,70;33925
2099;678,00;37950
2100;47,20;30820
2110;433,10;36012
2113;743,60;28111
2114;1292,10;16527
2115;484,80;28919
2117;468,80;38480
2118;103,10;35635
2121;818,10;23537
2130;716,50;26082
2139;217,00;31604
2148;289,30;14811
2151;436,70;23144
2152;450,60;27468
2155;604,70;21962
2156;910,30;14775
2158;242,40;36362
2173;517,90;19795
2175;1059,30;35117
2176;203,40;16689
2178;644,10;21159
2194;54,90;19775
2195;573,70;34067
2197;422,90;17131
2198;275,10;16064
2201;162,30;22058
2203;492,10;19175
2204;579,70;17078
2211;389,10;26946
2218;742,60;27624
2221;1131,00;36741
2223;183,90;14939
2224;439,70;21673
2228;437,70;18559
2229;481,90;18403
2236;140,70;27070
2237;286,40;22334
2245;157,60;30163
2246;40,70;18597
2251;324,50;24197
2252;889,30;29692
2259;118,30;36310
2263;447,80;22193
2270;293,80;17204
2274;239,30;39584
2275;309,50;39017
2277;42,60;39563
2282;130,80;30712
2286;820,90;35935
2288;205,50;18141
2289;910,60;21225
2293;154,70;17887
2298;243,00;10086
2300;247,90;12158
2302;162,90;39273
2304;394,70;24914
2310;1457,30;11112
2316;81,00;15947
2320;102,00;27754
2324;521,70;28580
2326;153,30;36829
2329;421,30;26526
2335;564,00;39223
2336;308,40;25400
2337;368,50;10165
2338;660,20;12675
2346;843,80;39617
2371;545,90;35723
2373;551,50;10605
2376;192,20;19386
2378;404,30;18665
2386;47,20;31250
2389;280,50;15356
2391;716,90;33067
2402;329,30;38016
2406;238,70;19418
2411;196,60;39977
2414;199,00;28453
2420;294,70;34260
2424;330,50;23071
2431;45,90;23098
2432;320,50;33151
2434;994,80;19043
2436;202,20;38860
2437;572,20;14981
2439;231,60;30758
2446;156,30;13469
2447;99,00;12810
2448;608,40;14545
2451;412,80;18489
2454;362,30;28948
2457;351,30;36509
2470;274,00;14598
2475;780,00;10262
2476;402,10;31711
2479;176,30;22306
2481;1113,70;19929
2493;849,70;31164
2500;750,10;23162
2501;224,60;21028
2504;470,00;27958
2507;214,20;14231
2510;412,20;23251
2515;253,50;20589
2516;305,20;36641
2520;279,80;35521
2527;46,80;29073
2528;409,80;28962
2531;86,40;39299
2541;258,00;18342
2542;285,80;35858
2544;211,00;29946
2547;170,10;11071
2550;423,40;32663
2551;445,20;12553
2553;1121,00;15160
2556;477,10;26682
2558;144,90;20559
2560;247,40;39196
2563;156,90;10713
2570;803,00;34194
2583;212,30;13694
2584;306,50;18226
2586;82,20;31966
2587;1349,00;24453
2588;279,80;33744
2609;144,00;36977
2617;621,50;34844
2622;422,90;30903
2628;400,80;21707
2630;1,10,1960;13490
2634;518,10;37136
2635;403,80;39451
2636;244,10;37033
2638;632,80;32860
2640;989,90;28200
2641;578,80;23095
2646;121,20;22526
2651;494,50;36298
2658;581,00;20529
2660;137,80;30968
2663;1111,20;35940
2666;430,30;30094
2673;324,00;11615
2674;451,90;36513
2682;125,60;34205
2686;263,60;16673
2689;963,60;29533
2691;371,40;14464
2692;740,60;21238
2694;69,50;34924
2695;677,00;30699
2697;210,00;11324
2699;399,40;35262
2701;290,00;21990
2708;1267,60;33239
2711;347,20;19025
2714;606,70;36568
2716;263,10;33730
2721;198,30;14387
2723;525,80;16461
2725;451,70;11675
2727;349,40;25991
2729;191,70;15379
2731;79,20;18576
2742;190,40;24807
2743;783,60;33935
2749;351,10;12251
2756;628,50;17703
2757;120,00;22627
2760;146,40;11562
2763;134,80;26003
2766;85,40;16836
2769;904,00;23185
2770;213,50;18648
2782;637,60;30549
2785;341,40;39518
2787;425,00;14990
2790;238,50;17261
2794;251,70;11904
2798;203,30;16039
2801;97,60;17158
2802;424,60;25065
2808;541,80;37033
2809;288,80;30642
2814;233,20;16578
2818;456,70;37583
2825;546,30;25805
2829;126,70;19388
2830;400,50;23018
2834;255,60;16613
2846;123,60;14499
2850;419,20;33419
2852;403,30;18129
2854;21,00;16988
2856;678,80;34284
2861;706,30;37265
2863;130,80;39262
2866;186,60;28856
2868;120,40;33105
2873;39,30;26890
2882;183,80;24052
2886;442,00;27678
2892;675,00;14452
2893;325,80;37195
2899;481,40;16708
2901;473,90;19134
2903;50,80;11402
2905;355,00;13618
2914;276,30;31923
2916;108,00;31110
2920;393,80;39393
2921;154,00;17558
2924;401,60;27370
2934;325,10;19970
2942;1178,40;36167
2947;376,00;20287
2951;369,30;30717
2958;617,40;33283
2959;220,70;22327
2961;358,10;25049
2968;745,90;32067
2969;271,10;26214
2973;461,30;10931
2974;622,20;12029
2975;260,60;17811
2977;72,40;33748
2981;341,20;19557
2982;305,90;25884
2986;405,40;26789
2987;278,30;35942
2995;589,70;13304
2998;663,20;20515
3003;337,10;34720
3005;736,00;38392
3014;121,70;12135
3019;250,70;20770
3021;685,70;27824
3025;611,50;35104
3029;257,90;11019
3032;829,20;35785
3034;727,90;11589
3037;160,20;15953
3046;222,90;36302
3049;435,60;13608
3052;338,30;15611
3054;96,30;15924
3056;488,70;16741
3058;367,00;21841
3062;174,70;20439
3075;463,90;38306
3076;92,50;32658
3080;850,20;13956
3085;432,40;17373
3091;313,90;29050
3094;363,40;21616
3097;428,90;25980
3099;259,40;37157
3100;546,00;34468
3102;314,60;14098
3113;270,50;13243
3124;676,30;28474
3125;1494,80;29446
3127;202,70;37586
3130;423,40;21877
3133;358,90;22234
3138;924,60;28388
3140;90,30;12496
3146;650,90;24730
3157;388,30;12534
3159;136,40;26046
3160;873,60;38431
3162;453,40;26426
3168;571,10;20267
3173;597,90;20461
3174;820,40;14122
3183;252,30;37214
3185;422,10;10306
3188;509,20;25153
3189;61,90;39585
3191;275,50;10320
3192;937,00;38194
3196;130,80;22805
3197;308,50;33833
3198;559,00;32494
3204;477,20;27286
3206;271,20;37583
3210;1157,80;16681
3213;470,30;22397
3218;553,50;32284
3219;345,00;38287
3225;707,10;27995
3227;414,30;36585
3231;128,00;30083
3233;335,40;29564
3238;248,70;22869
3239;459,20;17712
3242;710,80;33888
3243;498,30;13289
3244;2189,20;36169
3245;83,70;24676
3246;608,60;21532
3247;222,30;27391
3256;226,00;24854
3259;134,90;19385
3265;46,80;23922
3267;25,80;34238
3269;483,40;11536
3271;387,10;39837
3277;162,90;14568
3286;100,70;15817
3291;764,80;27710
3295;98,00;14180
3303;507,00;36118
3310;477,60;17874
3311;269,20;30081
3313;86,00;15483
3315;626,00;24839
3317;396,30;20204
3319;505,00;38439
3323;245,20;31845
3324;366,90;39004
3325;248,30;35283
3327;96,30;38517
3328;186,80;21590
3329;253,30;22073
3330;924,80;12423
3334;248,30;18264
3335;116,00;18194
3348;178,30;16661
3360;179,70;39657
3365;35,00;10970
3366;387,20;34649
3370;175,90;20195
3371;208,60;30501
3374;297,70;33694
3379;451,40;11946
3384;211,10;38206
3388;581,70;17828
3390;1343,10;34408
3396;340,00;11376
3405;117,00;36198
3411;1364,00;32016
3412;580,60;36324
3416;255,40;25312
3418;383,20;16032
3419;786,70;25540
3420;296,20;22814
3422;530,50;26184
3424;534,00;37755
3426;493,40;21252
3436;342,90;21386
3438;540,40;18325
3440;397,60;22810
3441;771,40;16466
3442;688,70;20126
3449;372,70;22377
3451;404,40;29589
3455;465,90;30095
3456;171,50;25067
3458;45,20;26933
3460;684,50;27222
3463;70,40;34988
3470;269,30;11910
3472;44,90;17126
3473;293,50;38591
3475;381,40;12678
3477;258,20;20546
3479;343,00;24830
3487;178,00;38457
3491;512,20;22717
3494;360,10;25792
3495;1250,60;10173
3498;432,50;27683
3499;723,50;13784
3501;643,40;12811
3518;672,40;29045
3528;699,80;29451
3529;202,30;18770
3535;119,40;10634
3537;155,40;16292
3538;81,60;38442
3539;223,20;10995
3550;716,60;32213
3552;995,10;29277
3557;272,70;28887
3561;457,10;33789
3566;186,50;34471
3568;56,40;11501
3571;499,30;22461
3580;559,90;30582
3584;580,70;26762
3594;179,80;10977
3595;445,70;21924
3597;242,40;17717
3598;74,60;21183
3599;128,70;33025
3601;973,60;21469
3602;851,10;27163
3608;909,70;13189
3613;271,80;12193
3616;435,80;19701
3618;125,40;11321
3627;195,90;15930
3630;856,10;12999
3631;82,90;36198
3632;377,80;37101
3635;810,70;36755
3637;339,80;34147
3639;119,20;27573
3642;417,10;31467
3647;231,00;19329
3648;628,40;35944
3649;518,50;33998
3655;348,00;35642
3656;775,20;29791
3661;296,40;15575
3671;381,40;32105
3674;320,40;20138
3676;152,80;20386
3680;327,70;29958
3681;779,70;35209
3685;216,80;37828
3687;290,60;19019
3692;1533,00;20813
3701;188,10;36812
3706;301,50;37217
3709;312,60;18170
3711;235,70;31696
3712;137,60;38275
3713;427,80;23133
3714;150,70;21593
3721;250,20;11631
3723;102,30;26655
3747;238,20;36998
3750;94,50;32252
3753;677,00;35069
3755;297,70;23606
3759;226,30;13871
3761;1665,80;19916
3764;529,40;12822
3768;216,50;11282
3771;555,60;38472
3772;448,00;11875
3773;639,30;23708
3777;58,10;36209
3778;612,70;37339
3784;565,40;15184
3785;1010,20;11536
3786;465,10;27020
3787;487,90;29342
3788;122,20;33894
3792;453,10;37177
3795;310,10;17040
3796;248,00;31713
3801;132,90;39698
3806;676,90;10363
3808;448,50;37613
3816;170,10;23797
3826;627,60;39442
3831;79,60;30932
3838;982,80;13133
3840;165,00;25703
3850;549,00;37914
3854;388,00;24178
3857;282,30;33720
3862;135,60;34043
3864;1102,40;39374
3878;416,40;10030
3882;763,40;16458
3889;76,10;21950
3897;435,90;36250
3901;756,40;20713
3906;294,40;31155
3909;2166,60;15565
3915;537,00;38438
3916;334,20;16596
3919;649,50;31545
3923;418,90;34170
3928;592,30;31642
3936;187,80;14910
3941;208,80;27880
3946;366,90;26161
3949;456,00;38206
3957;484,00;31028
3958;301,40;11847
3961;181,40;38056
3964;221,30;18846
3972;422,50;16990
3975;462,50;39746
3976;239,70;28707
3980;324,20;28756
3982;166,80;26959
4001;1039,60;24862
4003;2136,30;15925
4005;412,00;36493
4017;268,30;14301
4020;247,80;34984
4021;273,30;27687
4026;1458,10;29100
4028;444,10;29971
4029;588,30;15991
4030;218,80;35121
4043;250,60;21895
4044;419,00;16899
4046;400,90;37451
4049;1865,50;29462
4064;230,40;26365
4066;279,10;30055
4067;538,10;11167
4069;152,70;30155
4070;1309,30;14600
4071;981,00;16885
4077;312,10;38618
4080;462,60;36297
4094;184,00;23719
4096;630,70;17816
4100;291,40;38213
4105;272,80;38611
4106;263,30;18695
4107;271,90;11489
4120;200,70;18316
4125;553,80;14130
4135;319,00;17056
4139;342,60;24444
4140;134,10;36965
4150;417,70;20788
4156;289,20;33862
4165;312,20;29911
4167;429,70;14225
4168;639,10;14098
4174;411,80;20422
4175;838,10;15418
4176;350,00;28131
4182;136,00;13108
4186;301,80;15180
4191;408,20;13897
4195;495,00;30119
4201;462,60;27816
4202;419,10;20196
4204;636,70;27967
4205;83,40;30922
4215;360,40;15253
4221;186,60;31684
4223;513,20;32090
4224;176,40;22854
4225;2214,30;26388
4226;442,70;38020
4231;879,00;12286
4234;898,20;29406
4235;982,10;31071
4239;347,00;23669
4243;127,20;18099
4250;1046,50;28116
4253;277,00;33189
4255;366,10;32476
4256;1193,40;36490
4257;790,40;17630
4261;411,70;23221
4263;549,00;28739
4265;226,00;22350
4269;102,60;34908
4272;262,40;20387
4273;385,00;29520
4285;483,00;15331
4310;453,30;33491
4315;346,40;21574
4317;566,40;36619
4319;697,30;17662
4323;533,90;28795
4325;741,90;19219
4328;459,40;31659
4333;375,90;12656
4336;507,10;31345
4337;206,00;25361
4338;486,00;12706
4350;1414,10;38587
4351;308,20;23896
4355;1835,80;24009
4356;405,10;35881
4357;250,60;37618
4362;348,70;13382
4374;512,10;29067
4375;246,20;30375
4377;676,10;24493
4379;684,90;23624
4381;107,80;19943
4384;244,90;10334
4386;1468,90;24637
4391;1701,40;29740
4392;76,00;22087
4396;454,80;32031
4397;481,80;26404
4398;390,40;30183
4402;187,70;14596
4409;460,80;39760
4410;158,40;27112
4413;726,50;17369
4417;633,70;22118
4418;524,00;28916
4419;1076,50;27586
4420;223,80;12803
4423;641,90;13200
4429;810,80;39666
4431;439,30;24881
4436;161,50;17656
4439;249,90;22310
4441;420,30;19665
4445;482,10;37877
4446;263,10;14739
4447;611,40;27675
4450;200,10;29263
4453;243,30;35432
4454;520,30;22785
4455;432,40;32167
4460;304,40;17610
4463;534,70;11778
4465;288,60;39011
4467;671,90;29392
4476;373,00;33139
4477;586,50;18863
4485;615,30;20857
4487;108,90;32188
4495;1332,60;36829
4496;43,50;10292
4497;121,00;12890
4498;270,30;25707
4507;764,10;31695
4508;428,90;26598
4509;373,40;29756
4519;521,10;22275
4520;464,60;36960
4527;165,00;36498
4531;369,10;11155
4541;514,40;20225
4543;159,30;20317
4552;670,30;23837
4555;280,30;29768
4556;587,20;13873
4559;440,60;36749
4564;355,30;24900
4566;328,20;18067
4569;168,40;36835
4570;326,30;27313
4571;29,20;15782
4573;246,50;34949
4576;494,90;25875
4578;170,70;36357
4579;1583,90;14508
4580;130,70;38128
4582;172,40;27469
4583;178,80;30586
4584;466,00;27585
4589;306,90;33237
4592;1010,00;24266
4594;308,10;18415
4595;286,80;25670
4598;61,20;15557
4599;290,80;23639
4606;76,20;13068
4607;280,50;28062
4609;212,10;35326
4610;746,80;15520
4611;167,40;27829
4615;224,00;30665
4616;338,80;12548
4618;668,60;21698
4620;1394,90;36903
4623;423,30;37161
4629;554,40;22276
4632;506,70;23759
4634;221,00;30330
4638;650,40;18034
4643;87,70;16252
4644;461,30;21878
4647;1852,00;36368
4649;680,70;27164
4655;615,90;31890
4661;283,40;11636
4674;156,00;29788
4676;1463,70;30665
4679;298,80;34520
4682;455,50;11048
4690;481,10;19554
4691;399,80;37653
4693;172,20;23820
4695;301,50;14996
4696;169,80;24258
4698;161,70;27636
4707;117,90;30398
4711;956,40;39250
4713;587,40;18809
4718;212,00;24218
4727;2465,40;33441
4728;559,40;11267
4731;2139,30;10787
4732;1818,90;19792
4734;517,60;25371
4737;461,40;29961
4742;532,80;29899
4745;72,80;10921
4748;679,40;14466
4761;1299,50;31613
4764;372,30;38974
4767;1085,80;29090
4770;176,50;11349
4771;2250,90;14130
4775;802,50;29948
4780;554,60;36508
4783;129,90;30317
4789;424,90;36830
4796;1099,60;13263
4803;252,50;21674
4804;551,30;31416
4807;726,60;37939
4814;480,50;14117
4817;265,00;14359
4822;347,00;14234
4824;539,10;36994
4827;584,30;24013
4831;285,40;24721
4833;171,60;39315
4834;81,90;14332
4846;957,90;21034
4847;95,40;16216
4849;452,60;28151
4850;97,40;34861
4853;1578,10;37290
4858;166,30;37023
4868;923,80;17696
4870;203,20;28291
4871;1666,00;26968
4874;216,20;19631
4878;243,50;30309
4879;380,30;33018
4881;259,40;23426
4883;331,50;33322
4894;33,90;25106
4901;30,20;15853
4903;264,40;38767
4905;263,60;19182
4907;884,40;21622
4912;498,70;14772
4913;1728,70;14326
4914;1018,40;32395
4920;760,40;21733
4921;469,40;16887
4923;418,40;25531
4925;588,00;21432
4929;224,10;30795
4931;278,20;18811
4936;211,20;29523
4938;431,50;18895
4942;344,80;13895
4946;103,90;11620
4947;311,00;19045
4953;714,00;13643
4960;431,30;28196
4961;432,90;37593
4965;958,80;20974
4969;200,90;18934
4973;477,20;37284
4998;335,50;30905
5008;218,40;22961
5014;65,50;26235
5016;79,50;38465
5019;407,90;39496
5026;372,70;16626
5033;155,90;29416
5038;476,50;38956
5043;210,90;30248
5050;257,30;30720
5053;987,80;18993
5054;593,50;31887
5065;134,70;24722
5071;1334,20;12714
5073;100,50;11126
5075;118,20;18078
5078;274,20;37581
5081;314,20;32239
5085;157,30;11037
5090;379,60;14507
5092;468,00;24939
5102;512,40;34819
5104;421,20;35567
5105;364,70;35418
5106;168,00;34783
5108;44,70;39339
5114;2350,00;34525
5115;305,30;16999
5124;262,00;16682
5129;677,00;37669
5132;480,00;15544
5134;1158,50;31583
5140;539,30;22957
5143;550,90;39919
5144;432,50;32118
5148;1502,50;12280
5155;582,30;18504
5160;839,80;33698
5163;46,20;39502
5170;131,20;24018
5174;1047,10;31455
5178;294,40;30895
5181;273,30;28185
5184;118,60;31882
5194;201,40;11868
5199;894,30;30347
5206;172,40;19604
5210;321,30;22742
5219;882,10;10639
5223;1586,40;39876
5230;296,10;33777
5234;184,00;31061
5242;76,60;15802
5245;370,60;16119
5257;272,10;33582
5258;229,20;24846
5267;529,10;28426
5269;286,60;15588
5270;118,10;15323
5289;323,20;12675
5294;667,30;15293
5295;1548,50;25390
5297;180,20;10308
5302;180,80;27731
5303;413,60;20539
5306;329,70;37064
5312;136,80;17099
5315;691,50;19791
5317;204,20;13439
5318;559,80;11953
5320;265,20;19140
5322;309,20;31101
5324;541,10;24546
5329;489,50;31564
5333;599,10;17438
5337;73,10;27063
5340;99,90;27345
5341;183,90;11332
5345;87,90;23001
5346;351,60;27705
5347;342,20;27626
5348;1169,80;21259
5349;421,90;28692
5351;78,50;30835
5353;698,40;27768
5358;474,90;21830
5359;84,00;25222
5371;441,40;12832
5374;561,70;28096
5379;358,20;28665
5381;279,50;20937
5388;578,30;38023
5389;628,20;32526
5390;551,30;24340
5391;168,70;10117
5396;172,60;12550
5397;134,60;10679
5398;425,30;30813
5400;164,50;29441
5403;332,80;13719
5406;441,30;23636
5408;410,50;20892
5410;365,30;37335
5416;136,20;10700
5418;533,40;15538
5427;779,90;22186
5430;1360,00;25873
5432;919,80;27574
5438;119,50;18217
5441;237,90;31967
5452;472,60;39930
5458;537,50;14635
5461;30,50;31036
5463;35,90;36399
5464;280,10;33261
5466;1063,70;28895
5468;927,30;23138
5475;318,90;22544
5478;2088,30;16206
5481;1070,60;19716
5482;974,50;10271
5494;270,40;36621
5498;94,80;34705
5499;805,20;30530
5501;1735,40;23415
5508;310,70;26907
5512;620,90;15301
5520;249,60;22555
5528;206,20;11344
5533;398,10;34765
5534;389,10;35840
5536;1732,30;11474
5537;785,20;34364
5538;192,90;22201
5541;148,30;36525
5542;870,20;23000
5546;334,40;11379
5547;340,20;19411
5551;259,10;11043
5557;1028,90;18246
5559;803,70;37492
5560;319,30;30737
5561;295,90;22437
5564;185,10;14886
5565;441,90;24306
5568;483,60;22487
5570;280,10;33398
5577;285,50;14994
5578;401,70;10151
5590;268,30;31043
5592;858,30;35695
5594;481,40;25525
5597;599,50;12375
5605;380,20;24698
5606;335,80;18402
5608;236,10;22372
5615;178,70;18935
5616;306,60;37671
5617;372,00;19628
5618;190,00;23940
5624;653,30;11436
5627;418,60;29711
5642;433,10;11429
5643;127,20;35154
5645;26,20;16831
5652;218,10;19756
5654;542,20;12585
5659;340,10;27869
5664;360,40;19959
5665;1392,30;37073
5677;215,70;28944
5681;186,80;18599
5685;231,60;34111
5686;635,90;18311
5687;384,90;36010
5691;609,40;19502
5697;393,10;11807
5700;561,50;33907
5712;126,40;23457
5716;233,00;13573
5717;341,80;12984
5719;358,00;12292
5722;589,30;16280
5727;456,90;29971
5738;334,40;12763
5739;181,10;35327
5740;300,70;32239
5744;283,60;20412
5746;436,30;36000
5747;603,80;13395
5755;27,90;10302
5757;780,10;32594
5760;453,80;30799
5766;581,50;23623
5768;255,10;29781
5771;35,40;21541
5782;269,70;18185
5783;226,80;29616
5790;191,00;14830
5797;298,70;34868
5803;444,90;20103
5805;82,50;26197
5807;235,50;24006
5820;466,40;22839
5831;174,70;32955
5832;340,60;17549
5833;122,90;19569
5834;92,40;39212
5838;156,40;28851
5844;76,50;32229
5848;397,50;36229
5851;1454,20;23761
5852;356,50;11754
5854;170,40;33452
5857;225,80;33999
5867;184,10;22457
5869;151,60;20729
5872;890,30;18121
5875;488,40;24867
5876;276,60;36202
5878;153,40;17454
5881;2239,80;13035
5882;239,10;27965
5888;75,90;24088
5891;147,30;30210
5899;159,20;21669
5900;833,80;22904
5902;166,00;32109
5903;505,40;11507
5909;229,70;20033
5910;333,30;26013
5912;48,40;13240
5917;708,20;21574
5924;280,60;24990
5927;386,50;39099
5932;322,30;29861
5933;599,40;14843
5934;72,30;33499
5936;251,60;25479
5940;360,20;14433
5942;358,70;21683
5944;649,40;36211
5956;64,80;22941
5958;469,40;19374
5962;265,80;32511
5971;276,90;23861
5972;308,50;38318
5973;713,20;12072
5975;645,00;16505
5979;228,20;39890
5982;385,70;13374
5984;764,60;25976
5985;87,60;12088
5986;445,80;17728
5989;415,10;16695
5991;466,60;23687
5992;223,30;31386
5998;155,90;26198
5999;118,00;21247
6010;554,90;13017
6013;260,00;15822
6014;323,50;31444
6018;60,20;22320
6026;93,90;11919
6027;457,10;35073
6030;36,40;38853
6031;66,30;35526
6033;2048,70;13244
6034;1116,70;36530
6041;359,80;23392
6044;491,50;39535
6048;369,30;25271
6053;123,80;27490
6057;596,10;31796
6061;117,70;33259
6065;599,20;38916
6075;416,20;27246
6076;406,10;15052
6078;258,90;32146
6079;52,20;27596
6080;249,40;11260
6081;809,70;14618
6083;142,20;23284
6087;322,30;10661
6093;107,00;24626
6095;335,00;20802
6098;210,20;34012
6100;632,80;16337
6105;377,70;26979
6111;2280,50;36748
6112;157,20;33692
6114;1856,90;35113
6120;525,40;36086
6121;78,00;26472
6124;338,40;33381
6127;623,70;39526
6130;187,10;12237
6132;992,80;10370
6143;184,30;13034
6145;239,70;11260
6146;545,10;20707
6149;100,50;16651
6151;1872,90;10975
6153;421,90;21518
6154;123,60;24394
6161;439,70;32118
6162;299,50;35287
6166;370,60;35576
6168;129,90;23886
6169;111,50;20745
6170;347,10;11827
6173;169,80;27489
6176;603,60;17103
6181;540,80;33492
6187;76,00;28561
6193;401,20;15872
6194;127,60;15726
6198;370,00;27773
6203;423,60;10867
6204;254,20;36676
6212;336,10;10583
6216;496,30;20046
6219;572,10;17561
6223;401,40;23932
6226;232,80;33193
6227;1140,30;39930
6228;258,00;22256
6231;251,10;34369
6233;494,40;25644
6235;366,10;29315
6237;633,60;39803
6240;924,30;36866
6242;236,20;26006
6243;106,60;24886
6249;367,40;32472
6252;140,40;32654
6254;293,40;21455
6260;1240,40;17495
6261;587,60;35564
6263;1119,50;27232
6270;512,60;36295
6276;478,10;36845
6284;214,20;27147
6288;392,80;19905
6291;451,90;17077
6307;2292,30;34874
6308;138,90;11601
6310;205,90;11906
6311;1270,70;21991
6327;461,40;26344
6328;800,10;21656
6335;193,20;19026
6339;712,50;36726
6344;186,90;30005
6354;369,30;28616
6355;273,40;29694
6358;258,40;13979
6361;1961,00;28817
6363;126,00;35449
6367;864,20;14443
6378;49,60;28805
6382;508,00;32648
6383;223,80;12450
6387;751,60;17702
6389;168,80;36996
6393;353,00;11890
6394;1515,20;10134
6396;834,70;17847
6404;244,40;28671
6406;2519,30;25437
6415;79,20;19067
6417;447,90;36453
6424;282,60;34276
6426;397,60;11442
6433;1014,90;31324
6440;1125,50;32683
6445;167,30;25163
6446;154,20;14318
6451;617,80;23246
6457;66,00;33754
6461;299,60;35956
6462;85,60;16404
6470;622,40;14206
6488;81,90;37400
6496;421,70;10873
6500;338,10;27727
6504;137,80;11049
6511;567,80;17310
6513;48,90;31215
6518;105,00;22321
6525;502,60;22898
6527;882,10;17432
6529;72,00;36172
6530;564,20;14516
6541;757,00;16035
6542;479,20;36103
6545;175,20;24179
6551;166,10;13650
6560;1015,40;23514
6563;604,20;15951
6564;381,80;26977
6568;281,00;30637
6569;2166,10;39216
6570;414,10;30490
6571;113,20;33569
6572;384,30;24820
6580;100,70;31015
6584;612,70;23351
6587;218,50;26282
6589;1585,00;24569
6590;429,60;32769
6591;169,80;31088
6592;77,70;36095
6598;505,60;10031
6603;578,30;19787
6607;400,50;35495
6608;1166,20;19430
6611;453,80;31500
6616;524,00;37499
6621;384,70;16378
6625;117,60;33609
6631;1036,00;31816
6632;1094,30;17980
6647;477,60;10705
6651;296,40;33132
6652;770,00;26255
6664;367,80;24049
6669;130,20;29086
6675;72,90;34001
6679;522,90;18337
6681;312,30;25595
6685;656,00;25509
6686;356,70;28244
6688;168,20;34977
6693;505,30;37859
6696;55,20;11284
6700;307,50;35850
6714;161,10;19446
6721;274,80;26317
6723;221,40;29122
6726;413,40;36291
6729;572,20;25553
6730;107,70;17881
6732;181,20;18272
6733;222,80;16819
6742;346,20;31491
6744;60,00;33100
6746;377,80;36699
6752;465,80;29736
6754;126,10;26800
6758;552,30;39035
6770;219,60;31183
6774;333,10;15806
6779;483,30;20864
6780;405,80;17509
6787;158,90;11323
6793;498,30;36012
6807;523,70;26389
6808;326,00;18422
6812;1118,90;28359
6815;89,30;38841
6818;570,50;26308
6824;188,50;22801
6832;14,40;34752
6833;150,90;15284
6835;509,60;37528
6837;814,00;25289
6839;119,20;15465
6840;580,10;28735
6841;511,20;39978
6842;273,70;10759
6847;317,70;16896
6849;370,40;11983
6854;465,20;34389
6861;137,60;24734
6863;217,20;14357
6866;240,60;18478
6881;264,80;27236
6901;55,20;12287
6905;236,20;24084
6906;550,80;10071
6910;859,00;26291
6911;603,20;15166
6912;298,40;10694
6914;492,90;18391
6919;186,60;25213
6922;562,90;11735
6926;81,10;26030
6932;1211,10;32075
6934;1859,10;30627
6937;378,20;19525
6938;19,80;10315
6944;1464,00;27017
6946;250,80;20111
6948;437,00;14992
6949;610,20;21594
6950;345,60;31844
6956;163,80;34547
6957;746,50;20235
6958;205,20;24349
6959;212,30;15776
6960;193,80;23256
6961;81,90;31317
6966;403,40;33267
6971;134,40;31090
6981;358,00;35380
6987;178,10;17913
6988;666,50;13080
6992;343,20;37361
6993;67,80;15906
7001;268,10;28932
7002;104,90;30412
7013;172,50;19652
7015;349,80;39824
7016;1828,10;33841
7021;1222,50;28574
7028;612,70;37886
7040;178,00;32803
7051;211,20;14350
7055;1054,10;21258
7056;493,10;39520
7059;294,60;21868
7063;481,50;26164
7065;323,50;16038
7069;647,40;32785
7070;349,10;24479
7072;729,90;25468
7074;192,30;13644
7076;304,40;32609
7079;429,40;19476
7081;380,40;19859
7091;227,60;23937
7096;530,40;16462
7098;700,30;38313
7100;473,30;38396
7103;826,60;24508
7106;365,80;22284
7110;990,20;10016
7122;422,80;30446
7124;230,70;12867
7127;551,30;25688
7128;642,90;28328
7131;518,80;28049
7132;429,20;18131
7134;1193,90;28632
7138;539,60;14435
7139;225,50;21442
7141;337,70;13168
7143;202,10;26746
7144;392,70;13756
7146;913,60;32478
7151;270,50;13129
7152;546,30;17487
7158;755,00;10196
7166;66,90;15581
7169;518,20;31294
7171;573,60;16336
7172;270,60;16334
7176;538,40;10963
7185;274,00;28193
7190;838,20;33201
7193;610,20;12952
7196;440,80;29768
7197;213,20;34922
7200;479,60;36221
7203;61,20;16365
7209;109,00;35840
7210;290,90;16585
7212;372,00;35169
7213;571,40;26979
7215;292,70;13794
7216;114,00;16830
7220;49,20;11621
7221;326,70;17518
7231;98,00;38092
7234;1403,10;29379
7239;917,60;38103
7242;217,70;14355
7243;183,90;32793
7250;706,10;17513
7261;1288,90;13369
7262;287,80;10385
7268;248,30;36684
7269;325,20;37451
7270;597,70;16050
7271;99,30;32887
7274;1140,80;33459
7275;73,80;16539
7276;108,30;13803
7279;498,80;14785
7282;149,70;11651
7288;379,70;12221
7291;181,80;20181
7292;397,50;32793
7294;772,20;34001
7300;194,30;22681
7304;344,70;36418
7306;341,60;20820
7307;338,80;20932
7308;264,30;25150
7313;63,90;30290
7315;590,40;32136
7323;86,40;17856
7328;506,80;32772
7331;280,10;39263
7332;85,50;38679
7344;105,00;20953
7354;836,40;35979
7356;293,00;20091
7359;114,00;10993
7360;409,50;11151
7364;76,00;39329
7365;392,60;12089
7366;918,40;17189
7367;99,40;20969
7368;345,50;29719
7375;240,30;26226
7376;1047,80;34397
7381;374,60;13914
7383;772,20;26921
7385;169,40;17252
7388;453,90;21129
7397;357,90;31144
7401;154,80;22395
7403;178,80;11045
7408;403,90;34006
7409;1009,00;25035
7410;400,60;17281
7413;388,20;24354
7414;183,80;37272
7418;296,20;14393
7430;201,60;25542
7431;128,70;29131
7433;547,90;28539
7435;475,30;10970
7437;393,80;13176
7443;64,40;18646
7446;348,70;39201
7448;364,00;21964
7452;142,40;29441
7455;292,40;37566
7456;185,00;32954
7457;83,80;28215
7460;486,90;21026
7472;932,80;23177
7476;615,80;10856
7485;475,80;32772
7486;282,00;35116
7488;432,30;39962
7504;698,30;16377
7505;109,50;19507
7508;323,80;32269
7519;387,30;34689
7521;194,50;18847
7524;320,50;36490
7526;200,20;15070
7529;363,80;24230
7530;303,80;28786
7538;336,80;33787
7539;114,30;23475
7550;165,90;23270
7559;13,40;33499
7560;490,50;30382
7563;356,90;12787
7569;1165,70;24108
7572;588,70;16430
7573;745,20;29912
7576;283,20;35221
7580;139,40;25747
7583;85,20;38661
7585;485,80;19889
7588;409,70;20965
7595;355,30;34429
7604;665,60;16023
7606;379,60;14118
7607;331,80;29702
7609;526,90;32841
7611;417,00;10261
7614;751,10;22968
7615;216,70;28513
7617;278,60;20146
7618;37,80;37663
7622;482,10;31227
7625;271,10;37102
7627;101,50;30058
7630;485,70;33614
7633;834,70;18173
7637;74,10;26290
7639;562,60;19108
7641;421,10;26514
7647;349,10;39609
7652;447,40;20704
7655;916,40;12341
7658;395,10;19471
7659;54,00;16492
7663;1645,20;31601
7669;162,50;38582
7676;1049,10;23239
7678;195,40;29893
7685;387,60;30769
7687;138,60;32477
7693;139,90;38824
7700;1576,40;16936
7702;438,30;11437
7703;380,30;15523
7704;436,00;13178
7705;230,60;27432
7706;472,90;17142
7709;256,00;13225
7711;106,50;16464
7713;67,20;25874
7720;53,40;34469
7721;454,10;20605
7726;28,00;34276
7727;400,20;38506
7733;177,00;20625
7743;699,60;13236
7745;187,00;13287
7746;101,00;20117
7751;58,20;21783
7752;199,20;15988
7758;310,90;33762
7779;348,30;30291
7782;1558,50;23097
7787;254,20;16686
7790;252,90;17342
7793;932,10;33756
7794;242,50;26384
7796;200,90;36844
7809;196,50;13583
7810;1817,90;34564
7812;1738,50;26369
7813;414,00;26685
7816;922,90;23643
7818;399,80;38745
7819;474,20;21431
7822;231,80;16626
7828;148,30;14583
7830;262,50;15165
7831;381,80;29817
7835;296,90;12416
7838;199,00;12716
7840;494,80;39241
7857;186,80;37227
7859;56,70;36104
7860;734,20;29427
7861;132,60;39215
7862;723,80;26737
7863;119,20;10043
7868;476,40;37913
7869;205,10;19685
7880;191,60;16967
7883;83,40;36119
7887;641,00;24286
7890;23,70;32063
7891;469,70;19468
7892;385,60;17354
7905;450,60;31458
7909;487,10;16646
7913;506,70;21227
7915;527,40;14127
7917;1577,20;39267
7924;399,00;16010
7930;137,20;23260
7934;248,80;12157
7936;215,10;19258
7939;269,40;14395
7940;450,50;31207
7945;411,90;14456
7946;257,20;37588
7948;313,40;22766
7955;143,40;28887
7964;74,80;34434
7969;579,70;24453
7971;111,00;24255
7976;499,90;10723
7977;1408,30;32340
7978;266,70;13513
7985;252,40;39657
7990;436,40;14014
7992;213,60;32237
7994;453,60;19725
8002;337,10;17673
8003;949,70;16948
8012;445,30;11685
8015;602,50;29031
8016;1117,20;19588
8021;111,70;33323
8036;404,70;11335
8039;2150,80;18348
8040;803,50;13067
8042;336,60;29906
8050;439,40;26601
8059;204,50;29279
8061;240,60;14759
8065;466,80;27367
8068;306,00;38618
8069;463,40;33998
8077;982,80;16405
8084;194,10;10715
8087;1963,20;16665
8089;233,00;36732
8090;150,20;14119
8091;773,00;10197
8092;405,80;39237
8093;402,90;29301
8105;118,40;25545
8106;503,00;38577
8108;870,20;35954
8109;211,60;34123
8118;652,90;24578
8121;826,20;35729
8135;272,90;17506
8145;390,70;33146
8148;119,50;38319
8156;240,20;16517
8157;461,80;25810
8161;340,50;16130
8163;375,70;35973
8166;821,40;32851
8169;936,30;11557
8170;380,90;36731
8172;514,30;34367
8173;519,70;25886
8175;84,00;11372
8176;802,50;29802
8180;463,70;19772
8181;37,80;19302
8182;144,10;21729
8189;351,80;28376
8191;319,70;20728
8202;686,40;39592
8203;342,10;31845
8204;682,00;23740
8206;1126,50;21544
8207;464,90;34287
8212;95,10;32720
8218;216,60;17069
8222;396,90;21174
8228;663,70;14095
8231;698,20;14519
8237;345,20;16026
8239;555,70;17157
8241;238,20;29836
8242;717,70;39484
8248;203,20;14781
8252;34,80;39294
8254;402,60;30156
8260;695,20;12552
8268;330,70;10901
8270;231,70;12753
8273;298,30;20931
8275;1378,60;16885
8279;2137,40;37512
8281;1759,50;25326
8283;328,70;32318
8285;870,40;26486
8287;1232,30;24202
8289;705,90;28450
8294;939,10;14368
8295;481,90;13090
8300;215,30;35096
8304;183,00;26758
8308;724,90;37160
8309;350,50;39524
8311;457,20;37528
8315;949,10;25801
8326;850,70;16375
8336;128,60;36717
8345;1391,50;19760
8346;530,10;12645
8348;353,10;30275
8351;1234,50;26551
8355;294,40;31185
8356;195,20;19016
8358;105,70;28981
8360;17,40;37737
8363;1077,50;33432
8364;99,20;31708
8367;900,30;32031
8369;258,20;26910
8373;229,80;35855
8374;1406,80;39912
8380;445,20;35130
8387;630,60;12120
8388;607,40;13784
8390;163,40;14166
8391;508,50;32042
8396;323,90;10923
8397;594,00;23031
8400;374,90;16628
8406;599,40;32550
8410;119,70;20236
8411;316,80;39047
8412;206,40;27322
8414;243,00;32429
8421;444,40;20169
8427;1523,10;24194
8429;83,10;16088
8435;450,20;26372
8436;113,60;29000
8438;77,10;21560
8442;294,50;24895
8443;96,00;19800
8446;392,80;11498
8452;124,80;28746
8456;225,20;10208
8462;764,10;10493
8463;179,30;27771
8464;515,20;20080
8466;319,60;20113
8467;623,30;15995
8469;244,30;34818
8470;210,80;20683
8471;455,20;35861
8473;938,70;27699
8474;119,60;28004
8475;413,50;30829
8477;358,00;22545
8483;205,50;27585
8486;609,70;24604
8491;759,30;34033
8493;570,30;28583
8494;139,40;38525
8497;467,90;36644
8498;1179,30;37308
8504;553,30;38689
8511;1317,90;14100
8520;983,40;15183
8522;436,50;17029
8531;289,00;20038
8534;21,00;18874
8540;437,20;33278
8541;261,50;18843
8546;1129,30;16300
8548;165,90;25038
8551;362,30;29752
8556;299,10;15045
8557;340,40;39229
8561;362,20;16394
8564;418,20;11029
8575;705,70;37896
8578;120,90;32493
8581;378,10;25595
8582;490,10;33150
8587;199,90;12268
8591;461,10;17454
8592;711,30;15581
8599;502,60;21211
8600;257,80;16115
8602;93,50;35558
8607;589,70;11160
8609;293,00;38386
8615;1435,10;32136
8617;474,20;27026
8620;246,10;31653
8625;429,80;11722
8627;386,20;39144
8635;470,50;10562
8644;288,90;20560
8645;210,80;36910
8646;151,70;16509
8647;1140,10;13723
8649;839,90;13167
8653;365,20;29194
8662;145,60;20170
8667;183,70;28678
8668;330,30;18050
8669;679,60;22635
8670;747,10;23607
8682;290,20;13007
8683;413,60;33389
8684;180,40;34891
8685;87,30;12238
8686;450,40;30271
8687;570,60;34058
8688;186,90;19714
8691;996,30;24682
8694;125,00;39984
8697;1406,90;20404
8700;248,40;24358
8708;41,40;29297
8710;1724,80;31737
8715;277,20;24669
8720;134,60;24062
8721;98,90;19457
8731;253,90;13108
8733;246,70;15987
8735;433,70;30822
8740;224,40;36006
8742;1179,80;36085
8749;98,50;19880
8752;823,00;38625
8760;257,70;20296
8769;1187,30;11652
8771;97,90;33224
8775;1026,60;12333
8776;428,30;16292
8779;453,10;37276
8794;424,80;20582
8799;416,70;22412
8813;190,30;25139
8815;265,40;26914
8818;1,11,1940;22872
8821;90,40;12674
8825;102,50;30655
8827;59,30;28308
8834;586,70;34302
8840;735,70;23260
8843;693,10;39182
8844;386,20;17176
8846;1137,90;38483
8851;269,80;25997
8857;191,40;22219
8860;318,00;13051
8862;99,50;39705
8865;473,70;14364
8869;300,20;25301
8872;94,90;26416
8877;339,30;30264
8878;160,70;15228
8887;280,80;31535
8888;282,30;21835
8891;437,50;29824
8894;500,20;34547
8895;461,10;23242
8902;183,20;36774
8904;886,90;17702
8907;722,50;24219
8908;162,60;10146
8909;183,70;10784
8912;442,70;14063
8915;1064,50;32283
8925;231,70;17542
8928;676,80;34755
8929;178,50;10925
8939;53,00;23636
8940;57,30;12880
8941;183,90;34903
8943;398,80;38932
8945;520,90;13471
8947;1667,00;34210
8952;536,30;21196
8958;196,60;10822
8963;626,30;30618
8968;516,10;18910
8973;1474,00;34911
8976;405,60;17539
8987;153,60;12962
8989;160,50;16158
8994;177,40;24975
8998;205,00;27911
9008;123,40;22167
9009;182,40;11560
9015;44,10;17832
9022;186,00;27839
9025;539,60;39829
9029;227,40;17385
9032;1006,90;30470
9034;334,00;29950
9040;230,80;32307
9049;144,80;16856
9052;188,60;31330
9057;214,60;29618
9064;313,00;26386
9074;109,80;25899
9086;38,10;28773
9090;527,30;28317
9093;183,90;12967
9096;182,00;10833
9097;854,60;21790
9101;308,90;20241
9108;129,90;20972
9116;1309,70;15399
9122;158,10;12648
9123;782,10;33113
9127;350,10;28647
9132;344,00;25591
9136;86,20;26159
9139;255,60;29140
9141;126,90;24464
9143;1460,10;15710
9146;75,10;35248
9149;899,70;27037
9152;403,20;34800
9156;216,40;34095
9158;483,00;37530
9159;370,70;11062
9161;95,10;10562
9176;500,60;21953
9180;106,10;32564
9184;517,20;18002
9187;442,40;19993
9191;767,90;33734
9194;42,00;24477
9195;149,30;28053
9197;148,50;39798
9200;1132,90;12484
9202;50,90;39650
9205;353,20;20505
9210;85,50;31800
9213;381,90;28626
9214;533,00;14144
9215;418,40;30209
9220;170,00;17319
9226;65,70;15572
9235;280,80;20573
9237;267,70;25732
9238;60,80;26448
9241;59,20;30666
9243;934,00;29080
9249;585,10;15158
9262;1366,80;24414
9263;1006,50;14820
9266;457,90;32133
9268;169,90;20445
9271;913,60;22224
9272;374,90;19342
9276;505,70;27819
9285;158,00;26316
9286;638,90;23775
9289;36,30;23357
9292;349,50;31315
9301;429,30;24582
9304;160,00;16612
9307;572,10;10280
9309;790,50;29227
9316;140,00;19864
9318;1056,90;18530
9334;325,20;26760
9342;439,60;16503
9343;173,50;27631
9347;511,40;27200
9348;431,80;22551
9349;1068,80;30577
9356;208,30;20501
9357;394,90;35014
9361;382,50;34734
9370;328,40;22448
9374;1168,90;33748
9378;109,60;16327
9393;482,60;34730
9395;479,40;19392
9396;233,20;25933
9397;356,20;19292
9398;1949,80;31545
9401;206,40;28969
9405;484,10;35623
9414;501,60;29477
9419;711,00;19693
9420;393,80;19031
9421;443,70;20112
9423;583,20;37435
9425;56,20;35200
9428;430,40;23418
9432;1438,20;37097
9443;1507,90;37434
9444;465,20;28180
9447;100,80;18017
9448;192,30;35234
9450;710,20;29535
9452;236,90;25371
9456;428,30;36891
9458;249,40;34528
9461;135,00;22175
9462;178,30;21095
9463;522,50;23135
9466;364,80;22476
9468;167,80;17490
9469;114,40;10079
9473;482,60;34189
9480;960,60;16912
9482;507,80;36520
9498;730,10;20560
9504;396,10;26256
9508;246,00;11491
9510;972,90;16520
9512;381,40;21126
9514;185,60;17530
9522;424,90;14745
9524;424,00;27534
9532;177,70;39724
9534;470,50;34932
9535;307,30;18651
9540;27,90;10444
9546;435,60;38270
9550;162,80;14009
9551;1024,80;17644
9557;628,90;23669
9559;817,90;31310
9560;261,40;16726
9561;760,90;34034
9562;289,90;20699
9564;84,40;22154
9571;121,90;36805
9574;505,90;30716
9575;72,20;25667
9578;40,50;34929
9580;207,30;27304
9584;698,90;27174
9585;265,10;29119
9587;426,70;25992
9595;495,30;20148
9596;209,60;29666
9606;270,10;21207
9609;323,30;13128
9610;718,00;12264
9618;443,10;31547
9621;351,00;24453
9625;669,90;25992
9631;123,80;28030
9634;868,30;24675
9638;338,90;33305
9644;1173,50;36200
9645;505,80;32726
9648;903,80;37816
9653;88,80;22645
9658;306,60;10541
9660;203,50;16659
9667;168,20;23011
9668;236,30;22460
9669;323,00;35730
9674;581,70;14667
9675;378,50;25821
9678;496,30;30849
9680;146,40;28131
9691;126,80;20677
9695;440,70;10400
9696;904,90;32555
9697;417,40;26911
9699;183,80;12008
9717;814,50;15325
9719;711,20;15212
9725;532,90;14039
9726;608,70;13117
9728;113,20;11137
9733;368,40;10500
9740;343,60;19589
9743;888,20;23450
9745;420,90;15502
9752;1207,40;22387
9755;197,60;25760
9763;267,70;39118
9766;538,50;16961
9774;98,70;19640
9777;111,30;38074
9781;857,40;23056
9790;1092,80;23183
9792;215,70;34817
9797;890,50;17179
9798;70,50;23379
9800;629,10;24668
9806;1075,20;36894
9808;114,90;39692
9814;72,00;24592
9815;315,70;39843
9819;884,80;39750
9820;457,60;21514
9822;526,00;31377
9823;683,90;32475
9824;382,40;23658
9825;231,20;32088
9826;427,30;29610
9827;380,00;17348
9830;554,50;12016
9831;948,20;22981
9837;102,40;24323
9844;794,10;25143
9845;48,30;30454
9849;375,00;29286
9851;411,30;39285
9852;251,20;32447
9854;569,20;20552
9863;174,20;27233
9868;771,10;37881
9881;950,70;37844
9884;226,50;35327
9887;572,50;26487
9891;257,10;10001
9894;137,20;30013
9895;318,30;38675
9896;436,10;30536
9897;1213,50;34613
9899;500,70;28774
9901;454,10;25990
9905;425,60;23630
9907;548,10;22688
9908;161,30;35030
9917;202,00;28098
9919;516,80;37702
9928;314,40;30209
9929;513,20;10520
9937;525,30;25732
9947;527,10;37694
9952;130,60;35904
9954;703,40;23347
9956;340,70;26717
9960;187,40;38762
9968;828,40;13433
9971;200,80;20186
9974;385,50;33057
9976;732,00;13748
9978;134,70;32675
9980;348,20;21157
9981;337,90;30120
9984;388,00;34405
9986;288,10;19843
9990;1220,00;18247
9993;237,80;25086
9996;171,80;24766
9997;515,70;21080
10465;318,90;13252
10002;260,30;26873
10008;729,70;20148
10014;519,30;29247
10019;610,60;16176
10024;70,20;24707
10026;488,60;10172
10030;383,00;38584
10048;977,00;20005
10061;23,40;37536
10074;490,40;19276
10082;125,20;16917
10086;130,80;12808
10091;376,40;21469
10095;423,40;13149
10099;375,00;10129
10110;567,10;13113
10112;154,80;37436
10113;1571,80;14511
10114;76,80;38548
10116;175,80;39458
10121;85,30;16236
10131;36,40;16696
10133;258,60;29967
10134;483,10;30099
10144;475,90;33196
10148;333,70;18452
10160;296,10;18968
10161;306,70;13784
10167;703,10;39583
10169;839,90;38427
10171;163,20;17244
10172;476,80;37541
10173;166,40;23003
10174;235,20;12743
10177;545,40;24604
10178;420,90;32411
10184;544,90;23940
10186;458,60;34127
10188;226,60;35342
10192;331,00;23075
10381;224,30;20636
10204;339,50;26014
10205;366,10;29684
10208;372,20;22295
10214;532,70;39501
10225;551,10;30065
10229;166,60;14957
10230;379,10;16128
10232;386,50;23234
10233;416,10;20553
10234;392,60;16209
10238;329,50;10835
10250;1133,60;23857
10253;319,50;34035
10260;205,80;20942
10263;294,60;37421
10271;749,70;12824
10273;246,90;37744
10280;195,60;17655
