<!--
  ~ Licensed to the Apache Software Foundation (ASF) under one
  ~ or more contributor license agreements. See the NOTICE file
  ~ distributed with this work for additional information
  ~ regarding copyright ownership. The ASF licenses this file
  ~ to you under the Apache License, Version 2.0 (the
  ~ "License"); you may not use this file except in compliance
  ~ with the License. You may obtain a copy of the License at
  ~
  ~ http://www.apache.org/licenses/LICENSE-2.0
  ~
  ~ Unless required by applicable law or agreed to in writing,
  ~ software distributed under the License is distributed on an
  ~ "AS IS" BASIS, WITHOUT WARRANTIES OR CONDITIONS OF ANY
  ~ KIND, either express or implied. See the License for the
  ~ specific language governing permissions and limitations
  ~ under the License.
  -->

<assembly>
    <id>bin</id>
    <formats>
        <format>zip</format>
        <format>dir</format>
    </formats>
    <includeSiteDirectory>false</includeSiteDirectory>
    <fileSets>
        <fileSet>
            <includes>
                <include>*.txt</include>
            </includes>
			<!-- Note that we exclude these txt files and later copy them with
				 filteres -->
 			<excludes>
                <exclude>README.txt</exclude>
			    <exclude>RELEASE-NOTE.txt</exclude>
            </excludes>
        </fileSet>
        <fileSet>
            <directory>target</directory>
            <outputDirectory></outputDirectory>
            <includes>
                <include>*.jar</include>
            </includes>
            <!-- exclude sources -->
             <excludes>
                <exclude>*-sources.jar</exclude>
            </excludes>
        </fileSet>
       <fileSet>
         <directory>target/maven-shared-archive-resources/META-INF</directory>
         <outputDirectory>.</outputDirectory>
         <includes>
             <include>*</include>
         </includes>
         <excludes>
             <exclude>DEPENDENCIES</exclude>
         </excludes>
     </fileSet>
    </fileSets>
    <files>
	<file>
      <source>README.txt</source>
      <outputDirectory>/</outputDirectory>
      <filtered>true</filtered>
    </file>
     <file>
      <source>RELEASE-NOTE.txt</source>
      <outputDirectory>/</outputDirectory>
      <filtered>true</filtered>
    </file>
 </files>
    <dependencySets>
        <dependencySet>
            <outputDirectory>/lib</outputDirectory>
        </dependencySet>
    </dependencySets>
</assembly>
