<?xml version="1.0" encoding="ISO-8859-1"?>
<!--
  ~ Licensed to the Apache Software Foundation (ASF) under one
  ~ or more contributor license agreements. See the NOTICE file
  ~ distributed with this work for additional information
  ~ regarding copyright ownership. The ASF licenses this file
  ~ to you under the Apache License, Version 2.0 (the
  ~ "License"); you may not use this file except in compliance
  ~ with the License. You may obtain a copy of the License at
  ~
  ~ http://www.apache.org/licenses/LICENSE-2.0
  ~
  ~ Unless required by applicable law or agreed to in writing,
  ~ software distributed under the License is distributed on an
  ~ "AS IS" BASIS, WITHOUT WARRANTIES OR CONDITIONS OF ANY
  ~ KIND, either express or implied. See the License for the
  ~ specific language governing permissions and limitations
  ~ under the License.
  -->

<project name="Apache XmlSchema">
    <bannerLeft>
        <name>Apache XmlSchema</name>
        <src>http://www.apache.org/images/asf-logo.gif</src>
        <href>http://ws.apache.org/</href>
    </bannerLeft>
    <body>
        <links>
            <item name="Apache" href="http://www.apache.org/"/>
            <item name="WebServices" href="http://ws.apache.org/"/>
            <item name="WS Commons" href="http://ws.apache.org/commons"/>
            <item name="XmlSchema" href="http://ws.apache.org/commons/XmlSchema/"/>
        </links>
        <menu name="XML Schema">
            <item name="Home" href="index.html"/>
            <item name="Downloads">
                <item name="Releases" href="download.cgi"/>
                <item name="Source Code" href="source-repository.html"/>
            </item>
            <item name="Documentation">
                <item name="Tutorial" href="schematutorial.html"/>
                <item name="Extensions" href="writingExtensions.html"/>
                <item name="Javadocs" href="/apidocs/index.html"/>
                <item name="Jxr Reports" href="jxr.html"/>
                <item name="JDepend Report" href="jdepend-report.html"/>
                <item name="View Source"
                      href="http://svn.apache.org/viewvc/webservices/commons/trunk/modules/XmlSchema/?root=Apache-SVN"/>
            </item>
            <item name="Project Information">
                <item name="Mailing Lists" href="/mail-lists.html"/>
                <item name="Project Team" href="/team-list.html"/>
                <item name="Issue Tracking" href="issue-tracking.html"/>
            </item>
            <item name="License" href="/license.html"/>
        </menu>
    </body>
</project>



